time,open,high,low,close,tick_volume,spread,real_volume
2025-06-19 16:00:00,42138.000000,42176.000000,41846.000000,42116.000000,2242,2,0
2025-06-19 20:00:00,42115.000000,42115.000000,42115.000000,42115.000000,1,4,0
2025-06-20 00:00:00,42169.000000,42416.000000,42042.000000,42379.000000,8321,3,0
2025-06-20 04:00:00,42380.000000,42417.000000,42061.000000,42406.000000,6391,2,0
2025-06-20 08:00:00,42406.000000,42512.000000,42365.000000,42377.000000,9715,2,0
2025-06-20 12:00:00,42376.000000,42665.000000,42116.000000,42642.000000,13475,2,0
2025-06-20 16:00:00,42642.000000,42757.000000,42476.000000,42584.000000,43455,2,0
2025-06-20 20:00:00,42583.000000,42628.000000,42403.000000,42569.000000,28708,2,0
2025-06-23 00:00:00,42177.000000,42451.000000,42160.000000,42339.000000,10025,2,0
2025-06-23 04:00:00,42339.000000,42394.000000,42323.000000,42377.000000,5421,2,0
2025-06-23 08:00:00,42379.000000,42608.000000,42375.000000,42571.000000,11673,2,0
2025-06-23 12:00:00,42571.000000,42589.000000,42380.000000,42541.000000,12325,2,0
2025-06-23 16:00:00,42542.000000,42743.000000,42282.000000,42383.000000,42543,0,0
2025-06-23 20:00:00,42384.000000,42929.000000,42360.000000,42914.000000,32507,1,0
2025-06-24 00:00:00,42913.000000,43113.000000,42897.000000,43095.000000,9300,0,0
2025-06-24 04:00:00,43094.000000,43140.000000,43068.000000,43115.000000,6048,2,0
2025-06-24 08:00:00,43113.000000,43336.000000,43111.000000,43205.000000,14182,2,0
2025-06-24 12:00:00,43205.000000,43256.000000,43120.000000,43173.000000,10627,2,0
2025-06-24 16:00:00,43173.000000,43440.000000,43102.000000,43393.000000,27417,0,0
2025-06-24 20:00:00,43393.000000,43513.000000,43358.000000,43400.000000,15247,2,0
2025-06-25 00:00:00,43395.000000,43446.000000,43370.000000,43438.000000,3799,2,0
2025-06-25 04:00:00,43437.000000,43447.000000,43398.000000,43447.000000,2738,2,0
2025-06-25 08:00:00,43447.000000,43465.000000,43377.000000,43434.000000,5763,2,0
2025-06-25 12:00:00,43434.000000,43449.000000,43371.000000,43424.000000,5795,2,0
2025-06-25 16:00:00,43424.000000,43426.000000,43260.000000,43262.000000,25956,2,0
2025-06-25 20:00:00,43263.000000,43318.000000,43173.000000,43291.000000,17770,2,0
2025-06-26 00:00:00,43282.000000,43326.000000,43271.000000,43313.000000,3390,2,0
2025-06-26 04:00:00,43313.000000,43354.000000,43285.000000,43345.000000,3237,2,0
2025-06-26 08:00:00,43344.000000,43427.000000,43334.000000,43401.000000,5864,2,0
2025-06-26 12:00:00,43402.000000,43441.000000,43350.000000,43417.000000,7354,2,0
2025-06-26 16:00:00,43414.000000,43670.000000,43387.000000,43647.000000,25867,2,0
2025-06-26 20:00:00,43646.000000,43750.000000,43622.000000,43722.000000,15473,1,0
2025-06-27 00:00:00,43757.000000,43816.000000,43742.000000,43759.000000,4214,2,0
2025-06-27 04:00:00,43759.000000,43809.000000,43750.000000,43778.000000,2841,2,0
2025-06-27 08:00:00,43778.000000,43885.000000,43777.000000,43834.000000,6051,2,0
2025-06-27 12:00:00,43834.000000,43890.000000,43806.000000,43847.000000,6529,2,0
2025-06-27 16:00:00,43847.000000,44286.000000,43824.000000,44233.000000,26790,2,0
2025-06-27 20:00:00,44233.000000,44263.000000,43873.000000,44241.000000,30658,2,0
2025-06-30 00:00:00,44229.000000,44358.000000,44229.000000,44341.000000,4498,2,0
2025-06-30 04:00:00,44339.000000,44384.000000,44323.000000,44367.000000,3403,2,0
2025-06-30 08:00:00,44366.000000,44434.000000,44336.000000,44342.000000,6414,2,0
2025-06-30 12:00:00,44342.000000,44386.000000,44306.000000,44344.000000,5243,2,0
2025-06-30 16:00:00,44345.000000,44381.000000,44196.000000,44296.000000,26291,2,0
2025-06-30 20:00:00,44296.000000,44440.000000,44186.000000,44340.000000,21570,2,0
2025-07-01 00:00:00,44343.000000,44431.000000,44325.000000,44424.000000,3273,2,0
2025-07-01 04:00:00,44424.000000,44432.000000,44332.000000,44334.000000,3479,2,0
2025-07-01 08:00:00,44334.000000,44398.000000,44320.000000,44359.000000,7430,2,0
2025-07-01 12:00:00,44358.000000,44369.000000,44284.000000,44342.000000,7133,2,0
2025-07-01 16:00:00,44341.000000,44915.000000,44306.000000,44733.000000,36831,2,0
2025-07-01 20:00:00,44735.000000,44902.000000,44715.000000,44824.000000,23573,2,0
2025-07-02 00:00:00,44794.000000,44839.000000,44792.000000,44823.000000,2968,2,0
2025-07-02 04:00:00,44824.000000,44921.000000,44775.000000,44899.000000,3766,2,0
2025-07-02 08:00:00,44899.000000,44958.000000,44829.000000,44855.000000,8083,2,0
2025-07-02 12:00:00,44855.000000,44920.000000,44773.000000,44786.000000,9649,2,0
2025-07-02 16:00:00,44786.000000,44847.000000,44640.000000,44760.000000,30614,2,0
2025-07-02 20:00:00,44759.000000,44807.000000,44715.000000,44790.000000,14811,2,0
2025-07-03 00:00:00,44784.000000,44825.000000,44768.000000,44798.000000,2247,2,0
2025-07-03 04:00:00,44798.000000,44828.000000,44750.000000,44810.000000,3156,2,0
2025-07-03 08:00:00,44810.000000,44841.000000,44762.000000,44762.000000,4589,2,0
2025-07-03 12:00:00,44762.000000,44924.000000,44761.000000,44821.000000,8311,2,0
2025-07-03 16:00:00,44820.000000,45175.000000,44818.000000,45093.000000,26135,2,0
2025-07-03 20:00:00,45092.000000,45140.000000,45085.000000,45107.000000,1252,2,0
2025-07-04 00:00:00,45107.000000,45107.000000,45007.000000,45008.000000,3136,3,0
2025-07-04 04:00:00,45008.000000,45053.000000,44957.000000,44969.000000,3245,2,0
2025-07-04 08:00:00,44969.000000,45000.000000,44825.000000,44853.000000,6662,2,0
2025-07-04 12:00:00,44853.000000,44887.000000,44788.000000,44860.000000,7754,2,0
2025-07-04 16:00:00,44859.000000,44918.000000,44835.000000,44846.000000,8056,2,0
2025-07-07 00:00:00,44983.000000,45054.000000,44938.000000,45001.000000,4804,2,0
2025-07-07 04:00:00,45000.000000,45010.000000,44920.000000,44955.000000,5695,2,0
2025-07-07 08:00:00,44955.000000,45047.000000,44932.000000,45007.000000,7999,2,0
2025-07-07 12:00:00,45007.000000,45130.000000,44998.000000,45032.000000,7156,2,0
2025-07-07 16:00:00,45033.000000,45071.000000,44547.000000,44580.000000,35220,2,0
2025-07-07 20:00:00,44579.000000,44694.000000,44427.000000,44566.000000,27281,2,0
2025-07-08 00:00:00,44573.000000,44631.000000,44505.000000,44618.000000,5128,2,0
2025-07-08 04:00:00,44616.000000,44657.000000,44593.000000,44636.000000,4223,2,0
2025-07-08 08:00:00,44637.000000,44714.000000,44610.000000,44636.000000,6737,2,0
2025-07-08 12:00:00,44634.000000,44685.000000,44585.000000,44624.000000,6995,2,0
2025-07-08 16:00:00,44625.000000,44706.000000,44485.000000,44539.000000,34789,2,0
2025-07-08 20:00:00,44540.000000,44574.000000,44469.000000,44507.000000,20334,2,0
2025-07-09 00:00:00,44501.000000,44532.000000,44431.000000,44452.000000,2547,2,0
2025-07-09 04:00:00,44451.000000,44497.000000,44420.000000,44481.000000,3891,2,0
2025-07-09 08:00:00,44480.000000,44554.000000,44435.000000,44531.000000,5926,2,0
2025-07-09 12:00:00,44533.000000,44682.000000,44533.000000,44661.000000,7037,2,0
2025-07-09 16:00:00,44660.000000,44828.000000,44490.000000,44561.000000,32266,2,0
2025-07-09 20:00:00,44561.000000,44752.000000,44544.000000,44727.000000,17209,2,0
2025-07-10 00:00:00,44713.000000,44762.000000,44648.000000,44653.000000,3154,2,0
2025-07-10 04:00:00,44654.000000,44668.000000,44593.000000,44602.000000,3633,2,0
2025-07-10 08:00:00,44602.000000,44639.000000,44564.000000,44617.000000,5540,2,0
2025-07-10 12:00:00,44618.000000,44721.000000,44603.000000,44649.000000,6014,2,0
2025-07-10 16:00:00,44648.000000,45003.000000,44622.000000,44959.000000,27134,2,0
2025-07-10 20:00:00,44959.000000,45040.000000,44865.000000,44865.000000,14058,2,0
2025-07-11 00:00:00,44872.000000,44940.000000,44632.000000,44682.000000,8721,2,0
2025-07-11 04:00:00,44683.000000,44804.000000,44649.000000,44783.000000,6506,2,0
2025-07-11 08:00:00,44780.000000,44795.000000,44628.000000,44669.000000,10849,2,0
2025-07-11 12:00:00,44669.000000,44685.000000,44543.000000,44635.000000,10710,1,0
2025-07-11 16:00:00,44634.000000,44684.000000,44509.000000,44599.000000,31400,2,0
2025-07-11 20:00:00,44600.000000,44653.000000,44547.000000,44556.000000,18351,2,0
2025-07-14 00:00:00,44431.000000,44455.000000,44350.000000,44400.000000,5785,2,0
2025-07-14 04:00:00,44400.000000,44421.000000,44374.000000,44402.000000,3874,2,0
2025-07-14 08:00:00,44402.000000,44462.000000,44322.000000,44438.000000,8583,2,0
2025-07-14 12:00:00,44439.000000,44500.000000,44426.000000,44452.000000,6508,2,0
2025-07-14 16:00:00,44452.000000,44675.000000,44434.000000,44617.000000,30630,2,0
2025-07-14 20:00:00,44618.000000,44704.000000,44617.000000,44674.000000,12864,2,0
2025-07-15 00:00:00,44662.000000,44665.000000,44617.000000,44639.000000,3091,2,0
2025-07-15 04:00:00,44639.000000,44826.000000,44621.000000,44696.000000,8548,2,0
2025-07-15 08:00:00,44695.000000,44741.000000,44601.000000,44626.000000,8498,2,0
2025-07-15 12:00:00,44625.000000,44731.000000,44591.000000,44641.000000,9259,2,0
2025-07-15 16:00:00,44640.000000,44741.000000,44300.000000,44302.000000,39012,2,0
2025-07-15 20:00:00,44302.000000,44390.000000,44182.000000,44189.000000,23456,2,0
2025-07-16 00:00:00,44185.000000,44203.000000,44118.000000,44180.000000,4712,2,0
2025-07-16 04:00:00,44179.000000,44204.000000,44161.000000,44174.000000,3631,2,0
2025-07-16 08:00:00,44180.000000,44275.000000,44092.000000,44257.000000,8805,2,0
2025-07-16 12:00:00,44257.000000,44428.000000,44218.000000,44393.000000,9433,2,0
2025-07-16 16:00:00,44392.000000,44458.000000,43973.000000,44344.000000,49071,0,0
2025-07-16 20:00:00,44344.000000,44480.000000,44331.000000,44415.000000,18192,2,0
2025-07-17 00:00:00,44417.000000,44424.000000,44369.000000,44411.000000,3427,2,0
2025-07-17 04:00:00,44410.000000,44416.000000,44354.000000,44389.000000,3092,2,0
2025-07-17 08:00:00,44390.000000,44473.000000,44382.000000,44409.000000,9292,2,0
2025-07-17 12:00:00,44409.000000,44474.000000,44352.000000,44471.000000,7592,2,0
2025-07-17 16:00:00,44470.000000,44698.000000,44406.000000,44597.000000,30736,2,0
2025-07-17 20:00:00,44596.000000,44772.000000,44574.000000,44724.000000,15398,2,0
2025-07-18 00:00:00,44711.000000,44819.000000,44700.000000,44787.000000,3064,2,0
2025-07-18 04:00:00,44785.000000,44820.000000,44763.000000,44804.000000,2918,2,0
2025-07-18 08:00:00,44804.000000,44857.000000,44765.000000,44779.000000,5410,2,0
2025-07-18 12:00:00,44779.000000,44803.000000,44707.000000,44791.000000,7474,2,0
2025-07-18 16:00:00,44791.000000,44818.000000,44422.000000,44435.000000,32345,2,0
2025-07-18 20:00:00,44434.000000,44560.000000,44431.000000,44531.000000,16311,2,0
2025-07-21 00:00:00,44523.000000,44610.000000,44491.000000,44604.000000,2396,2,0
2025-07-21 04:00:00,44604.000000,44610.000000,44562.000000,44579.000000,2268,2,0
2025-07-21 08:00:00,44578.000000,44676.000000,44562.000000,44669.000000,4753,2,0
2025-07-21 12:00:00,44669.000000,44678.000000,44601.000000,44610.000000,4424,2,0
2025-07-21 16:00:00,44610.000000,44808.000000,44562.000000,44788.000000,26303,2,0
2025-07-21 20:00:00,44788.000000,44812.000000,44521.000000,44591.000000,16064,2,0
2025-07-22 00:00:00,44593.000000,44621.000000,44577.000000,44604.000000,2158,2,0
2025-07-22 04:00:00,44603.000000,44625.000000,44559.000000,44567.000000,2865,2,0
2025-07-22 08:00:00,44568.000000,44575.000000,44517.000000,44565.000000,5593,2,0
2025-07-22 12:00:00,44566.000000,44566.000000,44423.000000,44521.000000,6775,2,0
2025-07-22 16:00:00,44520.000000,44669.000000,44476.000000,44587.000000,35376,2,0
2025-07-22 20:00:00,44587.000000,44747.000000,44582.000000,44741.000000,17941,1,0
2025-07-23 00:00:00,44741.000000,44848.000000,44716.000000,44762.000000,6507,2,0
2025-07-23 04:00:00,44760.000000,44847.000000,44744.000000,44845.000000,4600,2,0
2025-07-23 08:00:00,44843.000000,44918.000000,44806.000000,44913.000000,7330,2,0
2025-07-23 12:00:00,44912.000000,44954.000000,44880.000000,44946.000000,6838,2,0
2025-07-23 16:00:00,44945.000000,45136.000000,44833.000000,45079.000000,32561,1,0
2025-07-23 20:00:00,45079.000000,45232.000000,45064.000000,45103.000000,19641,1,0
2025-07-24 00:00:00,45106.000000,45129.000000,45086.000000,45091.000000,3264,0,0
2025-07-24 04:00:00,45091.000000,45130.000000,45071.000000,45091.000000,2912,2,0
2025-07-24 08:00:00,45090.000000,45103.000000,45035.000000,45071.000000,5675,2,0
2025-07-24 12:00:00,45073.000000,45131.000000,44868.000000,44896.000000,7942,2,0
2025-07-24 16:00:00,44896.000000,45106.000000,44864.000000,44982.000000,32023,2,0
2025-07-24 20:00:00,44981.000000,45068.000000,44880.000000,44937.000000,17111,2,0
2025-07-25 00:00:00,44935.000000,44987.000000,44924.000000,44984.000000,2358,2,0
2025-07-25 04:00:00,44984.000000,45035.000000,44971.000000,44974.000000,2280,2,0
2025-07-25 08:00:00,44974.000000,44985.000000,44900.000000,44949.000000,6137,2,0
2025-07-25 12:00:00,44949.000000,44974.000000,44909.000000,44945.000000,5318,2,0
2025-07-25 16:00:00,44945.000000,45010.000000,44817.000000,44998.000000,26571,2,0
2025-07-25 20:00:00,44998.000000,45124.000000,44987.000000,45079.000000,12358,2,0
2025-07-28 00:00:00,45249.000000,45288.000000,45210.000000,45255.000000,5731,2,0
2025-07-28 04:00:00,45255.000000,45272.000000,45225.000000,45268.000000,2152,2,0
2025-07-28 08:00:00,45268.000000,45310.000000,45161.000000,45166.000000,5517,2,0
2025-07-28 12:00:00,45166.000000,45176.000000,45071.000000,45125.000000,6286,2,0
2025-07-28 16:00:00,45125.000000,45130.000000,44957.000000,45027.000000,25135,2,0
2025-07-28 20:00:00,45027.000000,45064.000000,44910.000000,45005.000000,14474,2,0
2025-07-29 00:00:00,45010.000000,45041.000000,44983.000000,45012.000000,2192,2,0
2025-07-29 04:00:00,45011.000000,45075.000000,45006.000000,45068.000000,2412,2,0
2025-07-29 08:00:00,45068.000000,45096.000000,45021.000000,45066.000000,5240,2,0
2025-07-29 12:00:00,45066.000000,45118.000000,44956.000000,45032.000000,8442,2,0
2025-07-29 16:00:00,45032.000000,45058.000000,44762.000000,44868.000000,31049,2,0
2025-07-29 20:00:00,44866.000000,44914.000000,44733.000000,44773.000000,16945,2,0
2025-07-30 00:00:00,44779.000000,44840.000000,44779.000000,44833.000000,2229,2,0
2025-07-30 04:00:00,44832.000000,44865.000000,44809.000000,44862.000000,2481,2,0
2025-07-30 08:00:00,44861.000000,44868.000000,44779.000000,44804.000000,5368,2,0
2025-07-30 12:00:00,44803.000000,44855.000000,44783.000000,44821.000000,7051,1,0
2025-07-30 16:00:00,44821.000000,44901.000000,44713.000000,44807.000000,26163,2,0
2025-07-30 20:00:00,44807.000000,44908.000000,44418.000000,44666.000000,34855,2,0
2025-07-31 00:00:00,44691.000000,44758.000000,44644.000000,44708.000000,4690,1,0
2025-07-31 04:00:00,44708.000000,44778.000000,44694.000000,44770.000000,2882,2,0
2025-07-31 08:00:00,44770.000000,44851.000000,44746.000000,44815.000000,7297,2,0
2025-07-31 12:00:00,44816.000000,44819.000000,44690.000000,44722.000000,8923,2,0
2025-07-31 16:00:00,44721.000000,44780.000000,44447.000000,44671.000000,38323,2,0
2025-07-31 20:00:00,44670.000000,44672.000000,44206.000000,44264.000000,38252,2,0
2025-08-01 00:00:00,44291.000000,44323.000000,44145.000000,44219.000000,9430,2,0
2025-08-01 04:00:00,44215.000000,44305.000000,44212.000000,44237.000000,5744,2,0
2025-08-01 08:00:00,44237.000000,44244.000000,43846.000000,43909.000000,16818,1,0
2025-08-01 12:00:00,43905.000000,44033.000000,43784.000000,43899.000000,20315,2,0
2025-08-01 16:00:00,43899.000000,43945.000000,43463.000000,43647.000000,59257,1,0
2025-08-01 20:00:00,43646.000000,43802.000000,43540.000000,43706.000000,37491,2,0
2025-08-04 00:00:00,43674.030000,43807.100000,43630.100000,43797.500000,16092,200,0
2025-08-04 04:00:00,43798.000000,43865.000000,43768.000000,43830.000000,13558,200,0
2025-08-04 08:00:00,43830.000000,43995.000000,43785.000000,43987.000000,20537,200,0
2025-08-04 12:00:00,43987.000000,44020.000000,43879.400000,43901.000000,17333,200,0
2025-08-04 16:00:00,43900.000000,44272.000000,43887.000000,44248.000000,48469,150,0
2025-08-04 20:00:00,44248.000000,44390.000000,44178.000000,44389.000000,17439,200,0
2025-08-05 00:00:00,44389.000000,44431.000000,44317.000000,44379.000000,4562,200,0
2025-08-05 04:00:00,44379.000000,44402.000000,44331.000000,44365.000000,4316,200,0
2025-08-05 08:00:00,44365.000000,44419.000000,44308.000000,44325.000000,7737,200,0
2025-08-05 12:00:00,44325.000000,44405.000000,44227.000000,44289.000000,9185,100,0
2025-08-05 16:00:00,44289.000000,44422.000000,44039.000000,44291.000000,68240,100,0
2025-08-05 20:00:00,44290.000000,44368.000000,44192.000000,44259.000000,42785,200,0
2025-08-06 00:00:00,44258.400000,44277.900000,44189.400000,44245.300000,12486,200,0
2025-08-06 04:00:00,44245.100000,44364.000000,44232.600000,44363.000000,11764,200,0
2025-08-06 08:00:00,44363.000000,44480.000000,44357.000000,44400.200000,16039,200,0
2025-08-06 12:00:00,44400.100000,44424.300000,44329.000000,44383.000000,21409,200,0
2025-08-06 16:00:00,44383.000000,44414.200000,44124.000000,44327.000000,64402,200,0
2025-08-06 20:00:00,44326.300000,44411.200000,44292.000000,44316.000000,31473,200,0
2025-08-07 00:00:00,44291.630000,44382.400000,44247.800000,44344.000000,10944,200,0
2025-08-07 04:00:00,44344.000000,44378.000000,44306.000000,44320.200000,8149,200,0
2025-08-07 08:00:00,44320.500000,44475.200000,44299.300000,44449.100000,16964,200,0
2025-08-07 12:00:00,44449.200000,44598.000000,44431.400000,44513.500000,22786,140,0
2025-08-07 16:00:00,44515.000000,44611.600000,43916.300000,43975.000000,74910,200,0
2025-08-07 20:00:00,43974.000000,44130.000000,43898.000000,44114.100000,53119,200,0
2025-08-08 00:00:00,44125.500000,44220.000000,44109.500000,44195.000000,9325,200,0
2025-08-08 04:00:00,44195.000000,44206.000000,44145.300000,44151.000000,8317,200,0
2025-08-08 08:00:00,44151.000000,44177.500000,44081.000000,44125.000000,14868,200,0
2025-08-08 12:00:00,44124.300000,44218.000000,44119.000000,44141.300000,12343,200,0
2025-08-08 16:00:00,44142.000000,44383.000000,44120.000000,44270.600000,60546,200,0
2025-08-08 20:00:00,44271.000000,44363.400000,44208.200000,44346.400000,46364,260,0
2025-08-11 00:00:00,44317.700000,44373.000000,44292.500000,44368.100000,7560,200,0
2025-08-11 04:00:00,44368.000000,44411.000000,44341.000000,44346.000000,6692,200,0
2025-08-11 08:00:00,44346.100000,44403.000000,44295.500000,44340.000000,12880,200,0
2025-08-11 12:00:00,44340.000000,44411.000000,44329.300000,44345.000000,9288,200,0
2025-08-11 16:00:00,44345.000000,44373.000000,44091.000000,44137.000000,49801,200,0
2025-08-11 20:00:00,44137.000000,44143.000000,44003.300000,44068.000000,34113,200,0
2025-08-12 00:00:00,44072.900000,44129.000000,44025.000000,44100.200000,9355,200,0
2025-08-12 04:00:00,44098.000000,44166.200000,44081.100000,44166.000000,7678,200,0
2025-08-12 08:00:00,44166.000000,44181.000000,44056.200000,44129.000000,17535,200,0
2025-08-12 12:00:00,44129.000000,44363.300000,44042.000000,44311.000000,19990,10,0
2025-08-12 16:00:00,44311.000000,44582.000000,44194.000000,44527.000000,59442,180,0
2025-08-12 20:00:00,44527.000000,44602.000000,44508.000000,44547.300000,21387,200,0
2025-08-13 00:00:00,44557.600000,44578.000000,44531.200000,44540.000000,7471,200,0
2025-08-13 04:00:00,44539.500000,44573.200000,44502.200000,44564.100000,5362,200,0
2025-08-13 08:00:00,44565.000000,44671.000000,44510.100000,44646.000000,8775,200,0
2025-08-13 12:00:00,44646.000000,44721.000000,44640.000000,44702.000000,8228,200,0
2025-08-13 16:00:00,44702.000000,44986.000000,44684.000000,44859.200000,50410,200,0
2025-08-13 20:00:00,44860.000000,45067.000000,44810.000000,45011.300000,29906,200,0
2025-08-14 00:00:00,45011.300000,45050.000000,44975.500000,45018.000000,6749,200,0
2025-08-14 04:00:00,45017.300000,45039.000000,45000.000000,45037.100000,5287,200,0
2025-08-14 08:00:00,45037.000000,45041.000000,44960.000000,45022.000000,9574,200,0
2025-08-14 12:00:00,45021.300000,45063.000000,44810.300000,44874.000000,16181,200,0
2025-08-14 16:00:00,44872.000000,44971.000000,44768.200000,44838.000000,61887,200,0
2025-08-14 20:00:00,44838.000000,45138.000000,44832.000000,45128.000000,32371,200,0
2025-08-15 00:00:00,45128.290000,45197.000000,45125.900000,45187.100000,6049,200,0
2025-08-15 04:00:00,45188.000000,45318.000000,45180.100000,45316.000000,7009,200,0
2025-08-15 08:00:00,45316.000000,45367.000000,45291.000000,45296.000000,10953,200,0
2025-08-15 12:00:00,45296.000000,45318.000000,45211.000000,45259.200000,12992,50,0
2025-08-15 16:00:00,45260.000000,45291.800000,44980.000000,45096.000000,55934,169,0
2025-08-15 20:00:00,45096.000000,45175.000000,44990.100000,45010.000000,30696,200,0
2025-08-18 00:00:00,45021.000000,45109.000000,45021.000000,45095.000000,5886,200,0
2025-08-18 04:00:00,45094.000000,45114.000000,45080.000000,45082.000000,3845,200,0
2025-08-18 08:00:00,45082.000000,45091.000000,44898.000000,45011.200000,14974,200,0
2025-08-18 12:00:00,45011.300000,45045.000000,44955.000000,45044.100000,11547,200,0
2025-08-18 16:00:00,45044.000000,45077.000000,44939.000000,44999.000000,46024,200,0
2025-08-18 20:00:00,45000.000000,45064.000000,44937.000000,44981.000000,24488,200,0
2025-08-19 00:00:00,44998.500000,45042.500000,44945.100000,44966.000000,7778,200,0
2025-08-19 04:00:00,44966.100000,44993.100000,44925.100000,44935.000000,9194,200,0
2025-08-19 08:00:00,44935.000000,44989.000000,44905.000000,44985.000000,8334,200,0
2025-08-19 12:00:00,44985.000000,45098.000000,44836.100000,45073.100000,11340,200,0
2025-08-19 16:00:00,45073.000000,45288.000000,44946.000000,44990.000000,55281,190,0
2025-08-19 20:00:00,44990.000000,45032.000000,44892.000000,45028.000000,33830,200,0
2025-08-20 00:00:00,45036.100000,45041.400000,44969.300000,44979.300000,9661,200,0
2025-08-20 04:00:00,44978.200000,45000.000000,44854.000000,44902.000000,11359,200,0
2025-08-20 08:00:00,44901.300000,44945.000000,44865.000000,44888.000000,12824,200,0
2025-08-20 12:00:00,44887.200000,45013.000000,44872.000000,44997.000000,11547,200,0
2025-08-20 16:00:00,44997.000000,45120.000000,44828.200000,44950.000000,60969,200,0
2025-08-20 20:00:00,44948.000000,45091.000000,44865.000000,45010.200000,44089,30,0
2025-08-21 00:00:00,45017.300000,45024.300000,44920.000000,44942.300000,10100,200,0
2025-08-21 04:00:00,44942.300000,45023.000000,44924.000000,44963.000000,10544,200,0
2025-08-21 08:00:00,44963.000000,45002.000000,44871.000000,44873.000000,16375,200,0
2025-08-21 12:00:00,44874.000000,44904.000000,44792.000000,44824.300000,22166,110,0
2025-08-21 16:00:00,44823.400000,44971.000000,44645.500000,44794.000000,66185,100,0
2025-08-21 20:00:00,44794.000000,44911.000000,44728.000000,44881.000000,40596,200,0
2025-08-22 00:00:00,44900.200000,44939.300000,44856.100000,44891.000000,8368,200,0
2025-08-22 04:00:00,44890.000000,44922.100000,44853.100000,44877.200000,9693,200,0
2025-08-22 08:00:00,44877.000000,44985.000000,44747.200000,44981.100000,15914,200,0
2025-08-22 12:00:00,44981.000000,45019.000000,44966.000000,44986.000000,11717,200,0
2025-08-22 16:00:00,44986.000000,45844.000000,44980.000000,45755.200000,68927,150,0
2025-08-22 20:00:00,45755.000000,45806.000000,45675.000000,45728.200000,31892,200,0
2025-08-25 00:00:00,45735.100000,45738.200000,45685.200000,45695.200000,9533,200,0
2025-08-25 04:00:00,45695.100000,45700.300000,45634.000000,45680.000000,6415,200,0
2025-08-25 08:00:00,45680.000000,45714.100000,45632.000000,45640.000000,9286,200,0
2025-08-25 12:00:00,45639.200000,45642.000000,45551.000000,45576.000000,9800,200,0
2025-08-25 16:00:00,45576.100000,45663.100000,45444.000000,45490.000000,41119,200,0
2025-08-25 20:00:00,45489.200000,45496.000000,45339.000000,45397.200000,23044,200,0
2025-08-26 00:00:00,45386.400000,45425.700000,45204.400000,45280.300000,16073,100,0
2025-08-26 04:00:00,45280.600000,45340.700000,45267.000000,45299.000000,14242,200,0
2025-08-26 08:00:00,45300.000000,45350.200000,45184.000000,45276.000000,23467,90,0
2025-08-26 12:00:00,45275.200000,45329.000000,45260.100000,45312.300000,14933,200,0
2025-08-26 16:00:00,45314.000000,45391.100000,45285.000000,45359.000000,46230,200,0
2025-08-26 20:00:00,45359.000000,45527.000000,45328.000000,45524.000000,26738,200,0
2025-08-27 00:00:00,45523.400000,45532.200000,45490.000000,45498.200000,3283,200,0
2025-08-27 04:00:00,45498.300000,45534.000000,45498.300000,45523.000000,3357,200,0
2025-08-27 08:00:00,45522.100000,45539.000000,45457.000000,45489.000000,9661,200,0
2025-08-27 12:00:00,45489.000000,45527.000000,45467.000000,45484.000000,9129,200,0
2025-08-27 16:00:00,45481.300000,45627.000000,45445.100000,45590.000000,41971,200,0
2025-08-27 20:00:00,45590.000000,45695.100000,45493.000000,45646.300000,32047,60,0
2025-08-28 00:00:00,45627.800000,45649.300000,45587.000000,45646.000000,9804,200,0
2025-08-28 04:00:00,45646.000000,45732.300000,45636.000000,45702.000000,7097,200,0
2025-08-28 08:00:00,45702.000000,45799.000000,45685.100000,45734.100000,12174,200,0
2025-08-28 12:00:00,45735.000000,45749.000000,45667.000000,45688.200000,12632,200,0
2025-08-28 16:00:00,45687.300000,45723.000000,45500.000000,45632.000000,47828,160,0
2025-08-28 20:00:00,45633.000000,45743.000000,45610.000000,45658.300000,21885,200,0
2025-08-29 00:00:00,45646.100000,45678.000000,45625.000000,45653.000000,5051,200,0
2025-08-29 04:00:00,45651.200000,45666.000000,45613.200000,45618.000000,4827,200,0
2025-08-29 08:00:00,45618.100000,45643.000000,45535.000000,45540.000000,11492,200,0
2025-08-29 12:00:00,45538.100000,45624.600000,45519.100000,45604.000000,14158,200,0
2025-08-29 16:00:00,45603.000000,45686.000000,45431.100000,45570.000000,54848,200,0
2025-08-29 20:00:00,45569.000000,45637.000000,45527.000000,45637.000000,31710,100,0
2025-09-01 00:00:00,45633.400000,45746.200000,45629.800000,45725.000000,7262,200,0
2025-09-01 04:00:00,45726.000000,45726.000000,45567.100000,45603.000000,11293,200,0
2025-09-01 08:00:00,45603.000000,45686.300000,45554.200000,45662.400000,17070,200,0
2025-09-01 12:00:00,45660.300000,45661.400000,45533.000000,45561.000000,9867,200,0
2025-09-01 16:00:00,45561.000000,45660.000000,45526.400000,45633.400000,11005,200,0
2025-09-02 00:00:00,45611.100000,45644.700000,45544.000000,45599.000000,6985,200,0
2025-09-02 04:00:00,45599.000000,45630.000000,45545.100000,45598.000000,7892,200,0
2025-09-02 08:00:00,45598.000000,45601.000000,45293.300000,45426.000000,27267,130,0
2025-09-02 12:00:00,45425.400000,45445.000000,45112.000000,45157.300000,25220,100,0
2025-09-02 16:00:00,45160.300000,45346.000000,45000.000000,45165.000000,71179,110,0
2025-09-02 20:00:00,45165.100000,45393.000000,45158.000000,45311.000000,42559,200,0
2025-09-03 00:00:00,45316.700000,45334.900000,45240.000000,45260.000000,7270,200,0
2025-09-03 04:00:00,45259.000000,45260.000000,45189.000000,45211.000000,7600,200,0
2025-09-03 08:00:00,45211.000000,45365.000000,45162.100000,45326.000000,16523,200,0
2025-09-03 12:00:00,45327.000000,45375.000000,45231.200000,45239.000000,14510,200,0
2025-09-03 16:00:00,45237.000000,45362.000000,45103.100000,45129.000000,60925,200,0
2025-09-03 20:00:00,45130.000000,45331.000000,45033.200000,45273.000000,39679,200,0
2025-09-04 00:00:00,45226.000000,45321.000000,45222.000000,45290.100000,7672,200,0
2025-09-04 04:00:00,45288.300000,45310.000000,45253.000000,45305.000000,10564,260,0
2025-09-04 08:00:00,45305.000000,45328.000000,45246.000000,45277.200000,15418,200,0
2025-09-04 12:00:00,45278.200000,45350.000000,45260.000000,45309.000000,14319,200,0
2025-09-04 16:00:00,45308.000000,45572.000000,45235.000000,45527.200000,51353,200,0
2025-09-04 20:00:00,45528.000000,45714.000000,45525.100000,45699.000000,24282,200,0
2025-09-05 00:00:00,45676.100000,45716.000000,45672.900000,45708.000000,5379,200,0
2025-09-05 04:00:00,45708.000000,45718.000000,45684.000000,45698.000000,3802,200,0
2025-09-05 08:00:00,45699.000000,45762.000000,45671.100000,45683.000000,9736,200,0
2025-09-05 12:00:00,45683.000000,45697.000000,45481.000000,45692.000000,18000,80,0
2025-09-05 16:00:00,45692.000000,45830.000000,45256.000000,45452.200000,86217,200,0
2025-09-05 20:00:00,45454.000000,45514.000000,45319.000000,45465.000000,47821,200,0
2025-09-08 00:00:00,45441.700000,45558.100000,45405.700000,45498.200000,10240,200,0
2025-09-08 04:00:00,45499.000000,45523.000000,45465.000000,45478.000000,8450,200,0
2025-09-08 08:00:00,45477.300000,45576.000000,45463.200000,45536.000000,13258,200,0
2025-09-08 12:00:00,45537.000000,45545.200000,45465.000000,45535.000000,10152,200,0
2025-09-08 16:00:00,45535.000000,45566.100000,45319.000000,45460.000000,48810,200,0
2025-09-08 20:00:00,45460.000000,45589.100000,45354.000000,45575.000000,27644,200,0
2025-09-09 00:00:00,45594.600000,45636.000000,45580.300000,45583.000000,4945,200,0
2025-09-09 04:00:00,45582.000000,45629.300000,45556.200000,45611.000000,5976,200,0
2025-09-09 08:00:00,45610.000000,45665.000000,45564.000000,45577.000000,12346,132,0
2025-09-09 12:00:00,45577.000000,45638.000000,45544.200000,45619.000000,9919,200,0
2025-09-09 16:00:00,45619.100000,45733.000000,45469.000000,45662.000000,57815,160,0
2025-09-09 20:00:00,45661.000000,45806.000000,45643.200000,45703.000000,28980,200,0
2025-09-10 00:00:00,45685.900000,45711.000000,45645.000000,45683.000000,5748,200,0
2025-09-10 04:00:00,45683.200000,45727.000000,45673.300000,45724.100000,5481,200,0
2025-09-10 08:00:00,45724.100000,45746.000000,45648.100000,45663.000000,12129,200,0
2025-09-10 12:00:00,45664.000000,45837.600000,45621.000000,45754.200000,16305,180,0
2025-09-10 16:00:00,45754.000000,45789.000000,45414.000000,45530.000000,55402,200,0
2025-09-10 20:00:00,45530.000000,45582.000000,45420.200000,45521.400000,35995,172,0
2025-09-11 00:00:00,45517.300000,45588.000000,45517.300000,45570.000000,6823,200,0
2025-09-11 04:00:00,45569.000000,45586.300000,45539.000000,45541.000000,5551,200,0
2025-09-11 08:00:00,45542.000000,45595.200000,45515.200000,45566.000000,12228,190,0
2025-09-11 12:00:00,45566.000000,45675.000000,45529.000000,45673.100000,18117,120,0
2025-09-11 16:00:00,45673.100000,46137.000000,45598.100000,46112.000000,49458,200,0
2025-09-11 20:00:00,46111.000000,46175.000000,46092.000000,46143.000000,26341,200,0
2025-09-12 00:00:00,46147.400000,46487.000000,46147.400000,46477.000000,863,300,0
2025-09-12 04:00:00,46474.000000,46483.000000,46435.000000,46465.000000,818,600,0
2025-09-12 08:00:00,46463.000000,46477.000000,46339.000000,46389.000000,3123,400,0
2025-09-12 12:00:00,46391.000000,46401.000000,46345.000000,46390.000000,2448,300,0
2025-09-12 16:00:00,46389.000000,46427.000000,46235.000000,46259.000000,22007,200,0
2025-09-12 20:00:00,46261.000000,46317.000000,46162.000000,46191.000000,14299,200,0
2025-09-15 00:00:00,46204.500000,46217.500000,46165.200000,46192.000000,4681,200,0
2025-09-15 04:00:00,46192.000000,46227.100000,46192.000000,46227.000000,5071,200,0
2025-09-15 08:00:00,46227.000000,46305.000000,46196.000000,46283.000000,10626,200,0
2025-09-15 12:00:00,46283.000000,46309.000000,46250.000000,46299.000000,9928,200,0
2025-09-15 16:00:00,46299.000000,46348.000000,46134.000000,46202.000000,44361,200,0
2025-09-15 20:00:00,46201.200000,46269.000000,46154.000000,46223.000000,28937,200,0
2025-09-16 00:00:00,46220.900000,46254.000000,46204.300000,46232.200000,4009,200,0
2025-09-16 04:00:00,46232.200000,46293.000000,46225.100000,46283.000000,4172,200,0
2025-09-16 08:00:00,46282.300000,46307.300000,46246.100000,46281.200000,9042,200,0
2025-09-16 12:00:00,46281.000000,46299.000000,46191.000000,46203.000000,11137,200,0
2025-09-16 16:00:00,46200.200000,46328.400000,46019.000000,46135.000000,60613,200,0
2025-09-16 20:00:00,46135.000000,46176.000000,46071.100000,46140.000000,32989,200,0
2025-09-17 00:00:00,46132.500000,46169.000000,46125.200000,46141.000000,3476,200,0
2025-09-17 04:00:00,46141.000000,46146.000000,46071.200000,46094.000000,4320,200,0
2025-09-17 08:00:00,46094.300000,46133.000000,46070.000000,46124.000000,11471,200,0
2025-09-17 12:00:00,46124.000000,46194.000000,46099.200000,46189.200000,10149,200,0
2025-09-17 16:00:00,46190.000000,46463.000000,46164.000000,46308.000000,45795,200,0
2025-09-17 20:00:00,46308.000000,46634.800000,46037.000000,46390.000000,78830,200,0
2025-09-18 00:00:00,46389.800000,46510.000000,46377.300000,46450.200000,6877,200,0
2025-09-18 04:00:00,46450.100000,46525.000000,46449.300000,46518.000000,7447,200,0
2025-09-18 08:00:00,46517.100000,46706.000000,46453.000000,46691.000000,15344,200,0
2025-09-18 12:00:00,46692.000000,46720.000000,46455.200000,46456.000000,16317,200,0
2025-09-18 16:00:00,46456.000000,46678.000000,46296.200000,46625.000000,66087,200,0
2025-09-18 20:00:00,46620.000000,46641.000000,46449.000000,46549.500000,40311,200,0
2025-09-19 00:00:00,46572.300000,46607.500000,46521.000000,46545.000000,6910,200,0
2025-09-19 04:00:00,46545.000000,46593.000000,46504.000000,46552.000000,12607,200,0
2025-09-19 08:00:00,46555.100000,46558.000000,46396.000000,46512.100000,18875,200,0
2025-09-19 12:00:00,46513.000000,46585.100000,46475.000000,46565.000000,12908,200,0
2025-09-19 16:00:00,46565.000000,46686.000000,46436.100000,46604.000000,53392,68,0
2025-09-19 20:00:00,46604.000000,46737.000000,46570.000000,46616.000000,29049,200,0
2025-09-22 00:00:00,46627.300000,46633.300000,46543.300000,46551.200000,6455,200,0
2025-09-22 04:00:00,46551.100000,46607.000000,46548.000000,46579.000000,6359,200,0
2025-09-22 08:00:00,46579.000000,46600.000000,46459.000000,46519.000000,12983,200,0
2025-09-22 12:00:00,46519.000000,46534.200000,46437.000000,46447.000000,10578,200,0
2025-09-22 16:00:00,46446.300000,46719.000000,46361.200000,46708.000000,48155,200,0
2025-09-22 20:00:00,46707.000000,46782.000000,46680.100000,46708.000000,25324,200,0
2025-09-23 00:00:00,46694.600000,46738.000000,46684.100000,46724.000000,5463,200,0
2025-09-23 04:00:00,46724.000000,46751.000000,46695.000000,46706.000000,4696,200,0
2025-09-23 08:00:00,46706.000000,46779.000000,46700.000000,46777.000000,10818,200,0
2025-09-23 12:00:00,46777.000000,46795.000000,46727.000000,46771.000000,8224,200,0
2025-09-23 16:00:00,46771.000000,47053.000000,46698.400000,46722.300000,47828,200,0
2025-09-23 20:00:00,46723.000000,46741.000000,46544.000000,46644.100000,43529,200,0
2025-09-24 00:00:00,46656.000000,46678.000000,46617.000000,46669.000000,5130,200,0
2025-09-24 04:00:00,46669.000000,46700.000000,46638.100000,46696.000000,6024,200,0
2025-09-24 08:00:00,46696.000000,46727.100000,46620.000000,46642.100000,9653,200,0
2025-09-24 12:00:00,46642.000000,46712.000000,46613.000000,46711.000000,8816,200,0
2025-09-24 16:00:00,46711.000000,46787.000000,46432.000000,46481.000000,55362,200,0
2025-09-24 20:00:00,46482.300000,46547.000000,46414.000000,46482.000000,32728,200,0
2025-09-25 00:00:00,46478.000000,46516.000000,46461.000000,46505.100000,5088,200,0
2025-09-25 04:00:00,46505.000000,46538.000000,46493.000000,46500.100000,4229,200,0
2025-09-25 08:00:00,46500.200000,46502.000000,46383.000000,46458.000000,12130,200,0
2025-09-25 12:00:00,46458.000000,46492.000000,46270.000000,46311.000000,21754,200,0
2025-09-25 16:00:00,46308.300000,46443.000000,46197.000000,46313.000000,72786,200,0
2025-09-25 20:00:00,46309.100000,46344.000000,46097.000000,46282.000000,49312,200,0
2025-09-26 00:00:00,46277.200000,46317.100000,46243.000000,46285.000000,7311,200,0
2025-09-26 04:00:00,46284.100000,46317.000000,46233.000000,46238.000000,11085,200,0
2025-09-26 08:00:00,46238.000000,46391.000000,46234.000000,46341.000000,17725,200,0
2025-09-26 12:00:00,46341.000000,46506.000000,46297.100000,46487.000000,18229,200,0
2025-09-26 16:00:00,46488.100000,46664.000000,46343.200000,46595.000000,79117,200,0
2025-09-26 20:00:00,46595.000000,46645.200000,46526.000000,46560.100000,33380,200,0
2025-09-29 00:00:00,46567.200000,46642.100000,46559.500000,46629.000000,6898,200,0
2025-09-29 04:00:00,46629.000000,46691.000000,46610.000000,46678.000000,6395,200,0
2025-09-29 08:00:00,46678.000000,46741.100000,46657.000000,46727.000000,12183,200,0
2025-09-29 12:00:00,46727.000000,46785.000000,46696.000000,46752.200000,11825,200,0
2025-09-29 16:00:00,46752.300000,46768.000000,46441.000000,46493.200000,57149,200,0
2025-09-29 20:00:00,46493.000000,46639.000000,46447.000000,46584.000000,32247,200,0
2025-09-30 00:00:00,46595.400000,46629.200000,46571.000000,46622.000000,6181,200,0
2025-09-30 04:00:00,46621.000000,46626.200000,46573.200000,46576.100000,9262,200,0
2025-09-30 08:00:00,46576.000000,46608.000000,46479.200000,46512.200000,18446,200,0
2025-09-30 12:00:00,46510.000000,46579.000000,46454.000000,46556.000000,13190,200,0
2025-09-30 16:00:00,46556.000000,46669.900000,46387.000000,46492.000000,66851,200,0
2025-09-30 20:00:00,46492.000000,46716.000000,46424.000000,46597.000000,43429,200,0
2025-10-01 00:00:00,46629.800000,46669.300000,46555.200000,46564.000000,10877,200,0
2025-10-01 04:00:00,46564.000000,46568.100000,46483.000000,46504.000000,9046,200,0
2025-10-01 08:00:00,46504.000000,46509.000000,46334.000000,46429.000000,20622,200,0
2025-10-01 12:00:00,46427.100000,46583.100000,46422.000000,46573.100000,18843,200,0
2025-10-01 16:00:00,46574.000000,46814.200000,46531.000000,46644.000000,56524,200,0
2025-10-01 20:00:00,46644.000000,46797.000000,46630.000000,46696.500000,29251,144,0
2025-10-02 00:00:00,46699.800000,46750.000000,46679.000000,46734.200000,6173,200,0
2025-10-02 04:00:00,46734.200000,46766.000000,46686.000000,46722.000000,7987,200,0
2025-10-02 08:00:00,46721.200000,46742.000000,46680.000000,46716.200000,15124,200,0
2025-10-02 12:00:00,46716.200000,46724.000000,46658.000000,46682.000000,9985,115,0
2025-10-02 16:00:00,46682.000000,46857.000000,46543.000000,46698.000000,61756,200,0
2025-10-02 20:00:00,46697.000000,46865.000000,46663.300000,46801.000000,28618,200,0
2025-10-03 00:00:00,46795.700000,46836.000000,46760.100000,46824.000000,5314,200,0
2025-10-03 04:00:00,46824.000000,46901.000000,46815.000000,46899.000000,6014,200,0
2025-10-03 08:00:00,46898.000000,46930.000000,46861.000000,46899.100000,9640,200,0
2025-10-03 12:00:00,46899.000000,46950.000000,46835.000000,46859.000000,10471,200,0
2025-10-03 16:00:00,46858.100000,47322.200000,46827.300000,47306.000000,50045,200,0
2025-10-03 20:00:00,47306.000000,47306.200000,47012.000000,47043.000000,51964,200,0
2025-10-06 00:00:00,47079.300000,47157.000000,47055.600000,47078.000000,10498,200,0
2025-10-06 04:00:00,47078.000000,47161.200000,47060.100000,47151.100000,6008,200,0
2025-10-06 08:00:00,47150.000000,47153.000000,47047.000000,47085.000000,15396,200,0
2025-10-06 12:00:00,47085.000000,47147.000000,47079.200000,47101.100000,12532,200,0
2025-10-06 16:00:00,47102.000000,47153.000000,46693.000000,46909.100000,54400,200,0
2025-10-06 20:00:00,46909.000000,47014.000000,46884.000000,46960.000000,29066,200,0
2025-10-07 00:00:00,46967.000000,46973.500000,46865.000000,46889.200000,11107,200,0
2025-10-07 04:00:00,46891.000000,46902.200000,46849.000000,46891.000000,5993,200,0
2025-10-07 08:00:00,46890.100000,46893.000000,46807.000000,46870.000000,12246,200,0
2025-10-07 12:00:00,46870.000000,47033.000000,46866.000000,47029.000000,9189,200,0
2025-10-07 16:00:00,47029.000000,47135.000000,46699.200000,46776.000000,67333,200,0
2025-10-07 20:00:00,46776.000000,46893.000000,46733.000000,46873.500000,37005,200,0
2025-10-08 00:00:00,46890.300000,46900.000000,46818.000000,46866.000000,7047,200,0
2025-10-08 04:00:00,46866.000000,46914.200000,46865.000000,46894.200000,7139,200,0
2025-10-08 08:00:00,46894.200000,46944.000000,46847.000000,46913.000000,11940,200,0
2025-10-08 12:00:00,46913.000000,46983.000000,46881.000000,46977.000000,11155,200,0
2025-10-08 16:00:00,46977.000000,47080.000000,46751.000000,47006.200000,48011,200,0
2025-10-08 20:00:00,47008.000000,47021.000000,46849.300000,46876.000000,28662,200,0
2025-10-09 00:00:00,46877.900000,46929.000000,46877.600000,46902.000000,5320,200,0
2025-10-09 04:00:00,46901.000000,46910.000000,46790.000000,46847.000000,7433,200,0
2025-10-09 08:00:00,46847.000000,46893.000000,46837.300000,46863.100000,12674,200,0
2025-10-09 12:00:00,46864.000000,46903.000000,46837.000000,46862.000000,9424,200,0
2025-10-09 16:00:00,46862.000000,46934.100000,46576.000000,46584.000000,61588,200,0
2025-10-09 20:00:00,46577.000000,46630.300000,46506.000000,46601.000000,40358,200,0
2025-10-10 00:00:00,46623.700000,46671.000000,46606.000000,46659.000000,6125,200,0
2025-10-10 04:00:00,46659.000000,46670.200000,46615.100000,46622.000000,6082,200,0
2025-10-10 08:00:00,46622.000000,46681.000000,46593.100000,46646.000000,13876,200,0
2025-10-10 12:00:00,46646.000000,46684.000000,46589.100000,46659.000000,11554,200,0
2025-10-10 16:00:00,46659.000000,46881.000000,45978.100000,46009.000000,95981,200,0
2025-10-10 20:00:00,46007.000000,46103.000000,45384.800000,45450.900000,86310,200,0
2025-10-13 00:00:00,46108.400000,46141.000000,45962.600000,46079.200000,29207,200,0
2025-10-13 04:00:00,46079.200000,46134.100000,46032.000000,46106.000000,17479,200,0
2025-10-13 08:00:00,46105.200000,46261.550000,46071.950000,46165.900000,40479,200,0
2025-10-13 12:00:00,46165.400000,46189.150000,45995.150000,46101.050000,46134,220,0
2025-10-13 16:00:00,46100.900000,46363.400000,46017.360000,46357.250000,135722,220,0
2025-10-13 20:00:00,46357.150000,46383.400000,46187.900000,46279.600000,85266,220,0
2025-10-14 00:00:00,46320.400000,46466.650000,46289.900000,46424.900000,20976,220,0
2025-10-14 04:00:00,46421.600000,46426.250000,46173.850000,46224.100000,43276,220,0
2025-10-14 08:00:00,46224.300000,46227.900000,45938.400000,46096.400000,68382,220,0
2025-10-14 12:00:00,46096.450000,46129.000000,45798.000000,45909.350000,57731,220,0
2025-10-14 16:00:00,45909.400000,46655.800000,45658.900000,46583.800000,139075,220,0
2025-10-14 20:00:00,46580.950000,46741.600000,46393.900000,46471.600000,99246,220,0
2025-10-15 00:00:00,46528.900000,46570.400000,46480.900000,46551.400000,24582,220,0
2025-10-15 04:00:00,46549.750000,46602.200000,46510.550000,46596.200000,29520,220,0
2025-10-15 08:00:00,46612.500000,46668.750000,46575.600000,46633.700000,38914,220,0
2025-10-15 12:00:00,46633.900000,46760.900000,46630.300000,46730.250000,34678,220,0
2025-10-15 16:00:00,46730.400000,46914.000000,46506.700000,46525.900000,136153,220,0
2025-10-15 20:00:00,46525.600000,46565.950000,46234.700000,46483.400000,112496,220,0
2025-10-16 00:00:00,46544.650000,46597.400000,46470.400000,46501.400000,23625,220,0
2025-10-16 04:00:00,46500.400000,46536.400000,46462.750000,46495.050000,28715,220,0
2025-10-16 08:00:00,46494.900000,46618.350000,46473.050000,46577.800000,39702,220,0
2025-10-16 12:00:00,46576.700000,46698.900000,46509.200000,46587.050000,29321,220,0
2025-10-16 16:00:00,46588.750000,46636.650000,46095.400000,46352.050000,158545,220,0
2025-10-16 20:00:00,46349.550000,46415.900000,45984.800000,46125.400000,128523,220,0
2025-10-17 00:00:00,46154.850000,46174.100000,46026.950000,46062.900000,29687,220,0
2025-10-17 04:00:00,46063.900000,46123.500000,45992.900000,46000.900000,41628,220,0
2025-10-17 08:00:00,46000.750000,46005.400000,45604.700000,45753.900000,75120,220,0
2025-10-17 12:00:00,45753.700000,46268.400000,45746.700000,46182.850000,70770,220,0
2025-10-17 16:00:00,46181.450000,46417.050000,46095.850000,46277.550000,146599,220,0
2025-10-17 20:00:00,46278.900000,46516.900000,46202.050000,46427.500000,84840,220,0
2025-10-20 00:00:00,46489.700000,46489.900000,46313.800000,46435.200000,22420,220,0
2025-10-20 04:00:00,46435.900000,46509.100000,46409.700000,46507.400000,23744,220,0
2025-10-20 08:00:00,46506.200000,46580.850000,46455.350000,46474.200000,32135,220,0
2025-10-20 12:00:00,46474.050000,46547.400000,46414.650000,46545.550000,32297,220,0
2025-10-20 16:00:00,46544.800000,46838.700000,46522.900000,46835.050000,117439,220,0
2025-10-20 20:00:00,46835.000000,46960.400000,46833.900000,46952.400000,67057,220,0
2025-10-21 00:00:00,46950.100000,46961.400000,46911.600000,46944.500000,14754,220,0
2025-10-21 04:00:00,46944.650000,46961.350000,46880.750000,46895.900000,21383,220,0
2025-10-21 08:00:00,46896.150000,46909.500000,46811.000000,46815.900000,32584,220,0
2025-10-21 12:00:00,46815.400000,46947.900000,46814.900000,46908.650000,27470,220,0
2025-10-21 16:00:00,46908.050000,47333.500000,46872.700000,47178.400000,127148,220,0
2025-10-21 20:00:00,47177.650000,47250.800000,47114.500000,47159.900000,85083,220,0
2025-10-22 00:00:00,47123.900000,47159.900000,47091.500000,47096.550000,18479,220,0
2025-10-22 04:00:00,47095.200000,47195.700000,47085.400000,47185.800000,23248,220,0
2025-10-22 08:00:00,47186.400000,47199.400000,47099.400000,47121.500000,33106,220,0
2025-10-22 12:00:00,47121.200000,47160.100000,47079.850000,47143.050000,34342,220,0
2025-10-22 16:00:00,47143.150000,47147.400000,46686.750000,46911.850000,145892,220,0
2025-10-22 20:00:00,46911.050000,46924.650000,46642.300000,46714.600000,97902,220,0
2025-10-23 00:00:00,46677.050000,46729.750000,46599.900000,46690.900000,21655,220,0
2025-10-23 04:00:00,46690.700000,46781.150000,46683.000000,46728.900000,26587,220,0
2025-10-23 08:00:00,46728.950000,46763.750000,46690.100000,46711.400000,33842,220,0
2025-10-23 12:00:00,46711.150000,46758.400000,46642.500000,46715.400000,39119,220,0
2025-10-23 16:00:00,46714.100000,46921.400000,46658.550000,46902.600000,117367,220,0
2025-10-23 20:00:00,46902.250000,46990.400000,46827.600000,46880.450000,71431,220,0
2025-10-24 00:00:00,46912.900000,46921.750000,46889.600000,46918.400000,11480,220,0
2025-10-24 04:00:00,46917.800000,46976.950000,46916.800000,46970.700000,16464,220,0
2025-10-24 08:00:00,46970.200000,47031.800000,46894.650000,46933.050000,25429,220,0
2025-10-24 12:00:00,46930.750000,47262.900000,46929.250000,47113.600000,28777,220,0
2025-10-24 16:00:00,47113.300000,47506.900000,47098.200000,47415.950000,116600,220,0
2025-10-24 20:00:00,47413.950000,47493.850000,47374.750000,47386.900000,69546,220,0
2025-10-27 00:00:00,47688.900000,47718.900000,47636.550000,47658.050000,18724,220,0
2025-10-27 04:00:00,47658.750000,47683.100000,47599.900000,47674.900000,17990,220,0
2025-10-27 08:00:00,47674.000000,47734.900000,47640.650000,47659.250000,24315,220,0
2025-10-27 12:00:00,47659.200000,47677.400000,47592.300000,47629.550000,22239,220,0
2025-10-27 16:00:00,47628.900000,47702.600000,47545.750000,47630.200000,95967,220,0
2025-10-27 20:00:00,47631.350000,47768.500000,47552.150000,47747.750000,57737,220,0
2025-10-28 00:00:00,47738.150000,47760.250000,47708.450000,47735.400000,13957,220,0
2025-10-28 04:00:00,47735.000000,47738.900000,47690.400000,47698.400000,18718,220,0
2025-10-28 08:00:00,47698.700000,47724.800000,47684.300000,47714.750000,23731,220,0
2025-10-28 12:00:00,47714.800000,47947.200000,47690.100000,47928.900000,23867,220,0
2025-10-28 16:00:00,47929.000000,48087.700000,47855.200000,48043.900000,109007,220,0
2025-10-28 20:00:00,48042.900000,48116.550000,47825.850000,47879.200000,76978,220,0
2025-10-29 00:00:00,47872.900000,47896.900000,47820.000000,47830.000000,12875,220,0
2025-10-29 04:00:00,47829.900000,47858.200000,47811.850000,47854.200000,20552,220,0
2025-10-29 08:00:00,47854.000000,47887.950000,47771.100000,47776.400000,23013,220,0
2025-10-29 12:00:00,47776.150000,48010.050000,47735.250000,47999.050000,28317,220,0
2025-10-29 16:00:00,47998.750000,48211.750000,47948.500000,48139.800000,104224,220,0
2025-10-29 20:00:00,48139.650000,48144.500000,47614.550000,47755.000000,105606,220,0
2025-10-30 00:00:00,47711.600000,47876.050000,47682.150000,47832.750000,23517,220,0
2025-10-30 04:00:00,47832.600000,47927.150000,47648.550000,47707.600000,48208,220,0
2025-10-30 08:00:00,47707.350000,47836.700000,47681.200000,47684.250000,45001,220,0
2025-10-30 12:00:00,47684.400000,47712.450000,47560.400000,47596.300000,44858,220,0
2025-10-30 16:00:00,47595.900000,48179.100000,47548.550000,47974.500000,147327,220,0
2025-10-30 20:00:00,47973.600000,47974.850000,47642.750000,47740.650000,110111,220,0
2025-10-31 00:00:00,47758.850000,47775.900000,47669.350000,47741.500000,20675,220,0
2025-10-31 04:00:00,47741.100000,47753.150000,47653.900000,47708.450000,27512,220,0
2025-10-31 08:00:00,47707.550000,47738.100000,47669.500000,47731.250000,29101,220,0
2025-10-31 12:00:00,47732.450000,47807.100000,47620.050000,47745.250000,31085,220,0
2025-10-31 16:00:00,47744.200000,47814.100000,47544.350000,47559.250000,129232,220,0
2025-10-31 20:00:00,47558.200000,47860.650000,47486.350000,47726.900000,103865,220,0
2025-11-03 00:00:00,47752.250000,47867.400000,47750.750000,47810.550000,17000,220,0
2025-11-03 04:00:00,47810.400000,47829.800000,47742.450000,47763.700000,22509,220,0
2025-11-03 08:00:00,47764.400000,47822.200000,47687.700000,47762.700000,31092,220,0
2025-11-03 12:00:00,47763.400000,47779.200000,47650.850000,47694.200000,28719,220,0
2025-11-03 16:00:00,47694.300000,47769.250000,47263.550000,47497.100000,121446,220,0
2025-11-03 20:00:00,47497.000000,47544.150000,47422.400000,47449.400000,75509,220,0
2025-11-04 00:00:00,47450.270000,47462.770000,47370.550000,47395.600000,19641,220,0
2025-11-04 04:00:00,47395.200000,47401.500000,47209.350000,47229.400000,37505,220,0
2025-11-04 08:00:00,47229.200000,47247.750000,46997.650000,47002.900000,58718,220,0
2025-11-04 12:00:00,47001.400000,47221.800000,46974.800000,47206.300000,45291,220,0
2025-11-04 16:00:00,47206.100000,47401.650000,47006.850000,47180.950000,132930,220,0
2025-11-04 20:00:00,47180.900000,47321.900000,47104.400000,47289.900000,105664,220,0
2025-11-05 00:00:00,47309.500000,47321.500000,47071.550000,47090.550000,43007,220,0
2025-11-05 04:00:00,47090.650000,47285.250000,47079.650000,47247.700000,57932,220,0
2025-11-05 08:00:00,47247.250000,47309.250000,47209.250000,47230.750000,44107,220,0
2025-11-05 12:00:00,47230.400000,47267.400000,47140.900000,47256.050000,41892,220,0
2025-11-05 16:00:00,47256.400000,47581.500000,47160.650000,47496.900000,125618,220,0
2025-11-05 20:00:00,47496.000000,47558.900000,47412.250000,47471.150000,76402,220,0
2025-11-06 00:00:00,47457.850000,47492.400000,47358.100000,47389.900000,31160,220,0
2025-11-06 04:00:00,47389.750000,47435.550000,47351.300000,47389.650000,30937,220,0
2025-11-06 08:00:00,47389.500000,47428.350000,47306.550000,47406.650000,38496,220,0
2025-11-06 12:00:00,47407.050000,47494.900000,47397.600000,47433.750000,30825,220,0
2025-11-06 16:00:00,47433.400000,47461.900000,46893.250000,47004.000000,152697,220,0
2025-11-06 20:00:00,47002.400000,47204.750000,46899.600000,47098.000000,111993,220,0
2025-11-07 00:00:00,47088.400000,47158.400000,47008.550000,47071.250000,33175,220,0
2025-11-07 04:00:00,47071.050000,47118.000000,46973.050000,47113.100000,44257,220,0
2025-11-07 08:00:00,47113.700000,47142.550000,47021.050000,47041.350000,40565,220,0
2025-11-07 12:00:00,47041.400000,47060.400000,46832.600000,46908.000000,60714,220,0
2025-11-07 16:00:00,46907.900000,46974.200000,46578.900000,46750.950000,150094,220,0
2025-11-07 20:00:00,46752.400000,47155.950000,46735.550000,47140.700000,112595,220,0
2025-11-10 00:00:00,47265.350000,47285.400000,47142.150000,47182.900000,29193,220,0
2025-11-10 04:00:00,47182.750000,47212.600000,47142.950000,47187.650000,28045,220,0
