symbol,tf,time,open,high,low,close,volume,ret_1,logret_1,atr14,rvol_20,rsi14,ma20,ma50,hour,dow,fwd_ret_1,up_1,fwd_ret_3,up_3,fwd_ret_6,up_6
USOILZ25.sim,H4,2025-08-12 12:00:00+00:00,62.71,62.73,62.5,62.6,389,,,0.22999999999999687,,,,,12,1,-0.0025559105431310902,0,-0.0030351437699681627,0,-0.003514376996805124,0
USOILZ25.sim,H4,2025-08-12 16:00:00+00:00,62.62,62.98,62.31,62.44,4008,-0.0025559105431310902,-0.002559182458821141,0.2614285714285681,,0.0,,,16,1,-0.0012812299807815064,0,0.00016015374759770218,1,-0.014734144778987712,0
USOILZ25.sim,H4,2025-08-12 20:00:00+00:00,62.43,62.67,62.34,62.36,1571,-0.0012812299807815064,-0.0012820514576556974,0.2663265306122417,,0.0,,,20,1,0.0008017960230917165,1,-0.004329698524695225,0,-0.0057729313662604476,0
USOILZ25.sim,H4,2025-08-13 00:00:00+00:00,62.11,62.43,62.11,62.41,237,0.0008017960230917165,0.0008014747563755975,0.27016034985422444,,2.4322446143153087,,,0,2,0.0006409229290178509,1,-0.0004806921967632771,0,-0.004646691235378975,0
USOILZ25.sim,H4,2025-08-13 04:00:00+00:00,62.4,62.5,62.21,62.45,791,0.0006409229290178509,0.0006407176256351121,0.27157746772177976,,4.43478716163159,,,4,2,-0.005764611689351495,0,-0.01489191353082464,0,-0.0051240992794235884,0
USOILZ25.sim,H4,2025-08-13 08:00:00+00:00,62.46,62.57,61.82,62.09,2103,-0.005764611689351495,-0.0057812911947845436,0.30575050574165263,,3.6989508833341347,,,8,2,0.004670639394427356,1,-0.0014495087775809878,0,-0.0006442261233694513,0
USOILZ25.sim,H4,2025-08-13 12:00:00+00:00,62.1,62.52,61.89,62.38,2369,0.004670639394427356,0.004659765802855098,0.32891118390296337,,15.816519116601484,,,12,2,-0.013786470022443043,0,-0.004168002564924778,0,-0.0009618467457518376,0
USOILZ25.sim,H4,2025-08-13 16:00:00+00:00,62.39,62.4,61.26,61.52,4927,-0.013786470022443043,-0.013882385982268097,0.38684609933846603,,11.282562649457319,,,16,2,0.007802340702210531,1,0.009915474642392619,1,0.021781534460338037,1
USOILZ25.sim,H4,2025-08-13 20:00:00+00:00,61.54,62.07,61.48,62.0,1750,0.007802340702210531,0.007772059847702906,0.40135709224286154,,24.322120345980053,,,20,2,0.001935483870967758,1,0.0008064516129031585,1,0.015967741935484003,1
USOILZ25.sim,H4,2025-08-14 00:00:00+00:00,62.01,62.13,61.96,62.12,267,0.001935483870967758,0.0019336132353942048,0.3848315856540859,,27.202788987074314,,,0,3,0.00016097875080500756,1,0.003219575016097931,1,0.013200257566001294,1
USOILZ25.sim,H4,2025-08-14 04:00:00+00:00,62.11,62.22,61.99,62.13,836,0.00016097875080500756,0.00016096579511692966,0.3737721866787938,,27.45062332139652,,,4,3,-0.0012876227265412599,0,0.011749557379687747,1,0.011266698857234747,1
USOILZ25.sim,H4,2025-08-14 08:00:00+00:00,62.12,62.31,61.97,62.05,2189,-0.0012876227265412599,-0.0012884524249869855,0.3713598876303088,,26.66842169375805,,,8,3,0.004351329572925167,1,0.015149073327961338,1,0.004351329572925167,1
USOILZ25.sim,H4,2025-08-14 12:00:00+00:00,62.07,62.46,61.82,62.32,2421,0.004351329572925167,0.004341889911876784,0.3905484670852868,,33.55045797058311,,,12,3,0.008664955070603275,1,0.009948652118100032,1,0.0024069319640565023,1
USOILZ25.sim,H4,2025-08-14 16:00:00+00:00,62.31,63.04,62.27,62.86,4274,0.008664955070603275,0.008627629806928994,0.417652148007766,,44.72370777060369,,,16,3,0.0020680878141903225,1,-0.0004772510340439462,0,-0.00795418390073177,0
USOILZ25.sim,H4,2025-08-14 20:00:00+00:00,62.85,63.13,62.63,62.99,1638,0.0020680878141903225,0.002065952264415749,0.4235341374357827,,47.032736457770774,,,20,3,-0.000793776789966727,0,-0.010636608985553297,0,-0.011430385775519913,0
USOILZ25.sim,H4,2025-08-15 00:00:00+00:00,62.92,63.22,62.91,62.94,363,-0.000793776789966727,-0.0007940919975766292,0.41542455619036983,,46.23280639915237,,,0,4,-0.00174769621862092,0,-0.0074674292977439105,0,-0.015824594852240192,0
USOILZ25.sim,H4,2025-08-15 04:00:00+00:00,62.95,63.05,62.79,62.83,909,-0.00174769621862092,-0.001749225221405304,0.40432280217677186,,44.44198378644591,,,4,4,-0.008117141492917312,0,-0.007480502944453238,0,-0.012987426388667789,0
USOILZ25.sim,H4,2025-08-15 08:00:00+00:00,62.82,62.98,62.31,62.32,1963,-0.008117141492917312,-0.00815026485236281,0.42329974487843064,,37.239694004373334,,,8,4,0.0024069319640565023,1,-0.0008023106546855008,0,-0.004107830551989711,0
USOILZ25.sim,H4,2025-08-15 12:00:00+00:00,62.31,62.77,62.31,62.47,2226,0.0024069319640565023,0.0024040399429861026,0.42592119167282855,,40.303973299835775,,,12,4,-0.0017608452056987467,0,-0.008420041619977559,0,-0.0060188890667519646,0
USOILZ25.sim,H4,2025-08-15 16:00:00+00:00,62.46,62.64,62.0,62.36,4610,-0.0017608452056987467,-0.001762397315903108,0.44121253512476943,,38.8075793021179,62.382000000000005,,16,4,-0.0014432328415650009,0,-0.005548428479794643,0,-0.00024053880692753715,0
USOILZ25.sim,H4,2025-08-15 20:00:00+00:00,62.35,62.45,61.83,62.27,1995,-0.0014432328415650009,-0.0014442753052152923,0.45398306833014335,0.012567891866963643,37.57824747681497,62.36550000000001,,20,4,-0.005235265778063325,0,-0.003308174080616677,0,0.004544724586478255,1
USOILZ25.sim,H4,2025-08-18 00:00:00+00:00,61.996,62.034,61.624,61.944,1657,-0.005235265778063325,-0.005249017799937583,0.4676985634494189,0.012807074520510737,33.44540540546676,62.340700000000005,,0,0,0.001130052951052507,1,0.0024215420379698482,1,0.009347152266563352,1
USOILZ25.sim,H4,2025-08-18 04:00:00+00:00,61.943,62.094,61.665,62.014,3172,0.001130052951052507,0.0011294149218423755,0.46493438034588913,0.012822653359941271,35.0960313392975,62.32339999999999,,4,0,0.0008062695520365537,1,0.005337504434482554,1,0.003063824297739215,1
USOILZ25.sim,H4,2025-08-18 08:00:00+00:00,62.014,62.404,61.814,62.064,5167,0.0008062695520365537,0.0008059446913462054,0.4738676388926116,0.012822772446475152,36.3110730897961,62.3061,,8,0,0.0004833720030936739,1,0.007878963650425286,1,-0.0019334880123742515,0
USOILZ25.sim,H4,2025-08-18 12:00:00+00:00,62.064,62.524,62.004,62.094,5237,0.0004833720030936739,0.00048325521647996084,0.47716280754313956,0.012819499524727846,37.07227161148459,62.28830000000001,,12,0,0.004042258511289365,1,0.006908880085032321,1,-0.002898830804908714,0
USOILZ25.sim,H4,2025-08-18 16:00:00+00:00,62.073,62.384,61.423,62.345,10094,0.004042258511289365,0.004034110534457902,0.5117226070043438,0.012616450223768992,43.190073155891206,62.30105000000001,,16,0,0.003336273959419378,1,-0.0022616087897986414,0,-0.00930307161761168,0
USOILZ25.sim,H4,2025-08-18 20:00:00+00:00,62.344,62.974,62.304,62.553,5361,0.003336273959419378,0.003330720944943799,0.5230281350754618,0.01248860867835161,47.72549373845459,62.3097,,20,0,-0.00047959330487734597,0,-0.009735744089012455,0,-0.009575879654053265,0
USOILZ25.sim,H4,2025-08-19 00:00:00+00:00,62.514,62.643,62.215,62.523,950,-0.00047959330487734597,-0.00047970834652932837,0.5162404111415,0.009548319819171992,47.140927056398816,62.35985000000001,,0,1,-0.005102122418949917,0,-0.009740415527086044,0,-0.00703741023303428,0
USOILZ25.sim,H4,2025-08-19 04:00:00+00:00,62.515,62.523,62.184,62.204,2062,-0.005102122418949917,-0.00511518268787281,0.5035803817742504,0.00918242986589746,41.34221572816064,62.370050000000006,,4,1,-0.004179795511542683,0,-0.007057423959873965,0,-0.0038743489164684286,0
USOILZ25.sim,H4,2025-08-19 08:00:00+00:00,62.174,62.433,61.934,61.944,5206,-0.004179795511542683,-0.004188555274668104,0.5032532116475184,0.00941911935314163,37.31349931170386,62.36125,,8,1,-0.00048430840759394744,0,0.00016143613586461214,1,0.010816221102931678,1
USOILZ25.sim,H4,2025-08-19 12:00:00+00:00,61.943,62.214,61.804,61.914,5407,-0.00048430840759394744,-0.00048442572279050466,0.49659226795840966,0.009419200122258383,36.867078672246784,62.35045,,12,1,-0.0024065639435345565,0,0.0027295926607875387,1,0.009674710081726268,1
USOILZ25.sim,H4,2025-08-19 16:00:00+00:00,61.915,62.215,61.674,61.765,7699,-0.0024065639435345565,-0.0024094643728549414,0.49976424881852355,0.009480890179431156,34.649759524068315,62.336200000000005,,16,1,0.0030599854286408323,1,0.0032056990204809566,1,0.01633611268517776,1
USOILZ25.sim,H4,2025-08-19 20:00:00+00:00,61.764,62.014,61.623,61.954,3123,0.0030599854286408323,0.0030553132020987306,0.4919953739029151,0.009309603202886476,39.61118221469695,62.317899999999995,,20,1,0.002082190011944318,1,0.010653065177389731,1,0.014187945895341558,1
USOILZ25.sim,H4,2025-08-20 00:00:00+00:00,61.923,62.105,61.904,62.083,498,0.002082190011944318,0.002080025258752727,0.4712099900527064,0.007914168216911344,42.80304725247296,62.27905,,0,2,-0.0019328962840068353,0,0.00692621168435803,1,0.01175845239437523,1
USOILZ25.sim,H4,2025-08-20 04:00:00+00:00,62.083,62.163,61.794,61.963,2035,-0.0019328962840068353,-0.001934766738680871,0.4639092764775131,0.00778743997566651,40.65060633636678,62.227700000000006,,4,2,0.010506269870729223,1,0.013088456014072936,1,0.01696173522908828,1
USOILZ25.sim,H4,2025-08-20 08:00:00+00:00,61.963,62.694,61.945,62.614,4420,0.010506269870729223,0.010451462563445979,0.48427289958626235,0.009938846579732038,54.12758596265581,62.21139999999999,,8,2,-0.0016130577826045656,0,0.0034976203404990525,1,0.011003928833807075,1
USOILZ25.sim,H4,2025-08-20 12:00:00+00:00,62.614,62.655,62.113,62.513,4153,-0.0016130577826045656,-0.0016143601610387748,0.48839626390152946,0.009932736227098036,52.14903329138493,62.195550000000004,,12,2,0.004175131572632829,1,0.004799001807624048,1,0.005598835442228056,1
USOILZ25.sim,H4,2025-08-20 16:00:00+00:00,62.505,62.974,62.083,62.774,10265,0.004175131572632829,0.004166439895008089,0.5171536736228487,0.009095949059980873,56.567278524736466,62.21825,,16,2,0.0009398795679740335,1,0.003823238920572347,1,0.010529837193742564,1
USOILZ25.sim,H4,2025-08-20 20:00:00+00:00,62.773,62.934,62.514,62.833,3505,0.0009398795679740335,0.000939438157733008,0.5102141255069306,0.009027278388661436,57.52209171969644,62.2364,,20,2,-0.0003183040758836242,0,0.007480145783266723,1,0.00989925675998271,1
USOILZ25.sim,H4,2025-08-21 00:00:00+00:00,62.874,62.913,62.804,62.813,455,-0.0003183040758836242,-0.0003183547453788904,0.4815559736850066,0.008958000120352428,57.06413203003649,62.25904999999999,,0,3,0.0031999745275659297,1,0.0007960135640709964,1,0.01052329931702034,1
USOILZ25.sim,H4,2025-08-21 04:00:00+00:00,62.804,63.153,62.754,63.014,1892,0.0031999745275659297,0.0031948655053373187,0.4756591184217919,0.009022759453753939,60.4703056679798,62.29625,,4,3,0.004586282413431952,1,0.006681055003650016,1,0.007284095597803519,1
USOILZ25.sim,H4,2025-08-21 08:00:00+00:00,63.014,63.365,62.954,63.303,3502,0.004586282413431952,0.004575797465975029,0.4710406099630926,0.008608855207085942,64.79483980904352,62.3642,,8,3,-0.00695069743929988,0,0.0024011500244853767,1,0.001753471399459805,1
USOILZ25.sim,H4,2025-08-21 12:00:00+00:00,63.313,63.443,62.814,62.863,4404,-0.00695069743929988,-0.006974966058010068,0.4823234235371573,0.009674184682455607,54.94010626471614,62.40665,,12,3,0.009099152124461218,1,0.009719548860219751,1,0.012407934715174207,1
USOILZ25.sim,H4,2025-08-21 16:00:00+00:00,62.844,63.504,62.495,63.435,9582,0.009099152124461218,0.009058004258542418,0.519943178998789,0.010708679916572811,62.85031039191912,62.475199999999994,,16,3,0.00031528336092057074,1,0.00059903838574904,1,0.002175455190352338,1
USOILZ25.sim,H4,2025-08-21 20:00:00+00:00,63.435,63.635,63.333,63.455,3225,0.00031528336092057074,0.0003152336695659841,0.504375809070304,0.01071209341976498,63.094265564139796,62.54325,,20,3,0.0002994247892207369,1,-0.0006461271767393972,0,0.004065873453628521,1
USOILZ25.sim,H4,2025-08-22 00:00:00+00:00,63.435,63.513,63.424,63.474,421,0.0002994247892207369,0.00029937997056439514,0.47470610842242505,0.010581821564164477,63.34055682018853,62.5997,,0,4,-1.57544821501876e-05,0,0.0026625074833790396,1,0.004427009484198274,1
USOILZ25.sim,H4,2025-08-22 04:00:00+00:00,63.475,63.504,63.294,63.473,1703,-1.57544821501876e-05,-1.5754606253359782e-05,0.4557985292493948,0.010497214976685017,63.316606911776006,62.6457,,4,4,-0.0009295290911095488,0,0.0015754730357790958,1,0.0036393427126495403,1
USOILZ25.sim,H4,2025-08-22 08:00:00+00:00,63.464,63.784,63.324,63.414,3798,-0.0009295290911095488,-0.0009299613711739596,0.4560986343030095,0.01051648000783785,61.831130158571135,62.69024999999999,,8,4,0.003611189958053318,1,0.004715047150471552,1,0.008342006496987908,1
USOILZ25.sim,H4,2025-08-22 12:00:00+00:00,63.404,63.825,63.275,63.643,3567,0.003611189958053318,0.0036046852666773432,0.4628058747099377,0.010066775124842112,65.23989799028517,62.76219999999999,,12,4,-0.0010998852976761286,0,0.0017598164762817614,1,0.005986518548779962,1
USOILZ25.sim,H4,2025-08-22 16:00:00+00:00,63.615,63.893,63.363,63.573,9669,-0.0010998852976761286,-0.0011004906154035154,0.4676054550877994,0.009685111850133151,63.37667508670001,62.843650000000004,62.52936,16,4,0.0022021927547859477,1,0.0020606232205495623,1,0.02266685542604563,1
USOILZ25.sim,H4,2025-08-22 20:00:00+00:00,63.573,63.814,63.514,63.713,3432,0.0022021927547859477,0.0021997714824086856,0.4556336368672421,0.009640607443755776,65.4989356918745,62.9336,62.55162,20,4,0.0006592061274779404,1,0.0036099383171408483,1,0.015726774755544515,1
USOILZ25.sim,H4,2025-08-25 00:00:00+00:00,63.775,63.784,63.695,63.755,516,0.0006592061274779404,0.0006589889465580256,0.42944551994815333,0.009397928827271107,66.13298610028033,63.03309999999999,62.577920000000006,0,0,-0.0007999372598227472,0,0.004219276919457338,1,0.01000705826993964,1
USOILZ25.sim,H4,2025-08-25 04:00:00+00:00,63.763,63.844,63.504,63.704,1754,-0.0007999372598227472,-0.0008002573803622681,0.4230565542375712,0.00944466235764177,64.5809518368884,63.1206,62.6048,4,0,0.003751726736154648,1,0.02056385784252157,1,0.011302273012683717,1
USOILZ25.sim,H4,2025-08-25 08:00:00+00:00,63.703,63.985,63.574,63.943,2872,0.003751726736154648,0.003744706562440747,0.42219537179203054,0.0095265719205404,68.33171872778458,63.21360000000001,62.63546,8,0,0.0012667532020707029,1,0.012073252740722351,1,0.0009539746336582056,1
USOILZ25.sim,H4,2025-08-25 12:00:00+00:00,63.935,64.164,63.774,64.024,2749,0.0012667532020707029,0.0012659515471611371,0.41989570237831414,0.009323844666269749,69.51016572168587,63.316649999999996,62.66694,12,0,0.015462951393227398,1,0.005763463701112137,1,-0.005310508559290272,0
USOILZ25.sim,H4,2025-08-25 16:00:00+00:00,64.004,65.064,63.934,65.014,6030,0.015462951393227398,0.01534461825433997,0.47061743792272,0.011016365619115459,79.5343022683934,63.43665000000001,62.72542000000001,16,0,-0.004599009444119617,0,-0.00907496846832978,0,-0.02630202725566788,0
USOILZ25.sim,H4,2025-08-25 20:00:00+00:00,65.014,65.025,64.624,64.715,2640,-0.004599009444119617,-0.004609617424683243,0.4656447637853836,0.011430813899968835,71.85104019635745,63.546749999999996,62.772119999999994,20,0,-0.004975662520281254,0,-0.01098663370161479,0,-0.022421386077416394,0
USOILZ25.sim,H4,2025-08-26 00:00:00+00:00,64.673,64.725,64.344,64.393,847,-0.004975662520281254,-0.004988082344068445,0.4595987092292848,0.011904764378924272,64.61210890281359,63.627700000000004,62.82957999999999,0,1,0.0004814187877564269,1,-0.011010513565139157,0,-0.016911776124734046,0
USOILZ25.sim,H4,2025-08-26 04:00:00+00:00,64.394,64.524,64.373,64.424,1474,0.0004814187877564269,0.0004813029429104887,0.43755594428433564,0.011911463140976759,64.97793413821817,63.70725,62.878060000000005,4,1,-0.006519309574071763,0,-0.017384825530858183,0,-0.018626598783062387,0
USOILZ25.sim,H4,2025-08-26 08:00:00+00:00,64.415,64.485,63.964,64.004,3708,-0.006519309574071763,-0.006540653086615222,0.44351623397831175,0.012635767938873627,56.46174062761273,63.7668,62.91574000000001,8,1,-0.0049996875195301715,0,-0.011561777388913175,0,-0.01593650396850199,0
USOILZ25.sim,H4,2025-08-26 12:00:00+00:00,63.995,64.045,63.553,63.684,3917,-0.0049996875195301715,-0.005012227772870581,0.4469793601227184,0.012968320768858227,50.97947183854552,63.80030000000001,62.946819999999995,12,1,-0.005966961874254051,0,-0.005966961874254051,0,-0.0014132278123233366,0
USOILZ25.sim,H4,2025-08-26 16:00:00+00:00,63.684,64.213,63.253,63.304,8221,-0.005966961874254051,-0.005984835326866111,0.48362369154252377,0.013215241800568413,45.34845461808295,63.80035,62.9719,16,1,-0.0006318716036901595,0,-0.001263743207380319,0,0.009004170352584273,1
USOILZ25.sim,H4,2025-08-26 20:00:00+00:00,63.314,63.384,63.123,63.264,2800,-0.0006318716036901595,-0.0006320713186855897,0.4677219992894866,0.012600284173796794,44.787650897543955,63.82040000000001,62.99078,20,1,0.0006322711178552431,1,-0.004425897824987368,0,0.008535660091047115,1
USOILZ25.sim,H4,2025-08-27 00:00:00+00:00,63.284,63.425,63.284,63.304,459,0.0006322711178552431,0.0006320713186855897,0.44581328505452283,0.011556580134913782,45.51329492289069,63.81385,62.999660000000006,0,2,-0.001263743207380319,0,0.004581069126753379,1,0.007124352331606243,1
USOILZ25.sim,H4,2025-08-27 04:00:00+00:00,63.304,63.335,63.123,63.224,1908,-0.001263743207380319,-0.0012645424042174724,0.4291123361220572,0.011570894384997843,44.26039224931095,63.8023,63.00434,4,2,-0.003796026825256149,0,0.010280905985069033,1,0.004903201315956007,1
USOILZ25.sim,H4,2025-08-27 08:00:00+00:00,63.225,63.283,62.935,62.984,4080,-0.003796026825256149,-0.0038032500205087416,0.4233185978276245,0.011734003545893658,40.64548386724156,63.7778,63.00522,8,2,0.009684999364917957,1,0.013019179474152098,1,0.01033595833862555,1
USOILZ25.sim,H4,2025-08-27 12:00:00+00:00,62.974,63.614,62.94,63.594,3974,0.009684999364917957,0.009638400391007274,0.44122441226850845,0.012958171560891964,51.49013078569759,63.78385000000001,63.0205,12,2,0.004402931094128482,1,0.002531685379123738,1,0.007547881875648699,1
USOILZ25.sim,H4,2025-08-27 16:00:00+00:00,63.604,63.993,63.323,63.874,8055,0.004402931094128482,0.004393266550846597,0.4575655256779008,0.013151749667900975,55.50851474531716,63.80685000000001,63.05158,16,2,-0.001095907568024579,0,-0.005322979616119272,0,-0.00530732379371901,0
USOILZ25.sim,H4,2025-08-27 20:00:00+00:00,63.865,64.194,63.765,63.804,2863,-0.001095907568024579,-0.0010965085138181507,0.45552513098662234,0.013037214632135903,54.29756430845676,63.8149,63.07826,20,2,-0.0007679769293461591,0,-0.0026487367563162723,0,0.007507366309322361,1
USOILZ25.sim,H4,2025-08-28 00:00:00+00:00,63.793,63.804,63.684,63.755,681,-0.0007679769293461591,-0.0007682719746959776,0.4315590502018639,0.013028609381671798,53.41905635714965,63.824,63.10616,0,3,-0.003466394792565386,0,0.005003529134969709,1,0.006713198964787059,1
USOILZ25.sim,H4,2025-08-28 04:00:00+00:00,63.763,63.784,63.525,63.534,1577,-0.003466394792565386,-0.003472416659133337,0.4192334037588737,0.013115956180347848,49.52692416204532,63.81505,63.131440000000005,4,3,0.0015897000031479536,1,1.5739603991482554e-05,1,0.010073346554600793,1
USOILZ25.sim,H4,2025-08-28 08:00:00+00:00,63.533,63.964,63.464,63.635,4047,0.0015897000031479536,0.0015884377676380623,0.42500244634752554,0.013143701377946895,51.27421033504579,63.80905,63.16526000000001,8,3,0.006898719258269903,1,0.010183075351614779,1,0.007841596605641543,1
USOILZ25.sim,H4,2025-08-28 12:00:00+00:00,63.635,64.144,63.634,64.074,3635,0.006898719258269903,0.006875031973453183,0.43107370017984553,0.013675059470254755,58.06888287683679,63.827549999999995,63.20646000000001,12,3,-0.00841214845335081,0,0.0017011580360208889,1,0.006071105284514822,1
USOILZ25.sim,H4,2025-08-28 16:00:00+00:00,64.075,64.084,63.343,63.535,7923,-0.00841214845335081,-0.008447730260965791,0.45321129302414226,0.014317738633888823,49.02884524717821,63.80715,63.23588000000001,16,3,0.01177303848272615,1,0.010057448650350409,1,0.006925316754544886,1
USOILZ25.sim,H4,2025-08-28 20:00:00+00:00,63.534,64.655,63.503,64.283,4915,0.01177303848272615,0.011704275438948919,0.5031247720938465,0.015752497496222533,58.649507522446136,63.820100000000004,63.27966000000001,20,3,-0.0015556212373410983,0,-0.0023178756436382786,0,-0.004495745375915905,0
USOILZ25.sim,H4,2025-08-29 00:00:00+00:00,64.223,64.264,64.093,64.183,651,-0.0015556212373410983,-0.0015568324723691518,0.4807587169442859,0.013122347078128163,57.09789359511502,63.778549999999996,63.31642,0,4,-0.00014022404686597767,0,0.004362525902497305,1,-0.0047987784927474575,0
USOILZ25.sim,H4,2025-08-29 04:00:00+00:00,64.183,64.215,64.004,64.174,1294,-0.00014022404686597767,-0.00014023387917738717,0.4614902371625511,0.012922552649340353,56.95185945409642,63.7515,63.34884,4,4,-0.0006233053884752149,0,-0.003100944307663611,0,-0.007323838314582276,0
USOILZ25.sim,H4,2025-08-29 08:00:00+00:00,64.174,64.383,64.004,64.134,3773,-0.0006233053884752149,-0.0006234997240364137,0.4555980773652254,0.012653626228753087,56.26311165178818,63.73855,63.38106,8,4,0.005129884304736931,1,-0.002182929491377439,0,0.005145476658246828,1
USOILZ25.sim,H4,2025-08-29 12:00:00+00:00,64.134,64.523,63.964,64.463,3908,0.005129884304736931,0.005116771274679799,0.46298392898199486,0.012983049968632455,60.49491879015843,63.7405,63.42624000000001,12,4,-0.007570234087771133,0,-0.009121511564773477,0,0.004964087926407457,1
USOILZ25.sim,H4,2025-08-29 16:00:00+00:00,64.463,64.494,63.854,63.975,7655,-0.007570234087771133,-0.007599033748690864,0.4756279340547096,0.013163888855865358,52.396683497463044,63.739050000000006,63.466860000000004,16,4,0.0002969910121140007,1,-0.004236029699101196,0,0.01059788980070353,1
USOILZ25.sim,H4,2025-08-29 20:00:00+00:00,63.974,64.124,63.89,63.994,2836,0.0002969910121140007,0.0002969469190130525,0.45836879590794427,0.012845751695258896,52.6623864102824,63.754549999999995,63.50846000000001,20,4,-0.001859549332749899,0,0.0073444385411132185,1,0.009235240803825207,1
USOILZ25.sim,H4,2025-09-01 00:00:00+00:00,63.953,63.973,63.82,63.875,611,-0.001859549332749899,-0.001861280440997426,0.4380567390573768,0.012405462764656545,50.75170708980573,63.783100000000005,63.55066000000001,0,0,-0.002677103718199625,0,0.014215264187867005,1,0.014528375733855237,1
USOILZ25.sim,H4,2025-09-01 04:00:00+00:00,63.874,63.874,63.625,63.704,1656,-0.002677103718199625,-0.0026806935687249123,0.42462411483899276,0.012512125883037874,48.05367149289142,63.805099999999996,63.58566,4,0,0.011930177068943726,1,0.014897023734773418,1,0.018036544016074352,1
USOILZ25.sim,H4,2025-09-01 08:00:00+00:00,63.705,64.464,63.665,64.464,3033,0.011930177068943726,0.011859573493848252,0.45136524949335044,0.014014100590548967,58.59029229606144,63.86310000000001,63.63327999999999,8,0,0.0049484983866965315,1,0.001877016629436401,1,0.019995656490444214,1
USOILZ25.sim,H4,2025-09-01 12:00:00+00:00,64.463,64.824,64.463,64.783,2949,0.0049484983866965315,0.004936294811577646,0.4449105888152543,0.014121688067874479,62.06815354147657,63.94105,63.68968000000001,12,0,-0.0020066992883934764,0,0.0003087229674449965,1,-0.004291249247487805,0
USOILZ25.sim,H4,2025-09-01 16:00:00+00:00,64.784,64.844,64.573,64.653,4246,-0.0020066992883934764,-0.0020087154070242974,0.4324884038998791,0.01395339338312241,59.861691682641506,64.0245,63.73046,16,0,-0.001051768672760911,0,0.0030934372728255166,1,0.015482653550492387,1
USOILZ25.sim,H4,2025-09-01 20:00:00+00:00,64.644,64.683,64.585,64.585,408,-0.001051768672760911,-0.0010523221695661888,0.40859637504988866,0.013142883809570561,58.686480520229296,64.07405,63.7719,20,0,0.0033753967639544857,1,0.018084694588526906,1,0.015762173879383834,1
USOILZ25.sim,H4,2025-09-02 00:00:00+00:00,64.514,64.814,64.505,64.803,669,0.0033753967639544857,0.0033697128989063074,0.40148234826061074,0.013065582771351518,61.308945812487,64.12049999999999,63.812479999999994,0,1,0.0007715692174745659,1,-0.004598552536148048,0,0.012375970248291068,1
USOILZ25.sim,H4,2025-09-02 04:00:00+00:00,64.794,65.054,64.794,64.853,1744,0.0007715692174745659,0.0007712717109669143,0.39137646624199607,0.013023473362104798,61.90621468194665,64.17295,63.852880000000006,4,1,0.013877538433071823,1,0.01235100920543375,1,0.008341942546991055,1
USOILZ25.sim,H4,2025-09-02 08:00:00+00:00,64.863,65.784,64.83,65.753,4247,0.013877538433071823,0.0137821270995504,0.4315638615104255,0.014784177669543642,70.67989842076209,64.27284999999999,63.911680000000004,8,1,-0.018980122579958403,0,-0.0022812647331681424,0,-0.005763995559138091,0
USOILZ25.sim,H4,2025-09-02 12:00:00+00:00,65.744,65.993,64.484,64.505,5989,-0.018980122579958403,-0.019162557216302112,0.5085235856882523,0.01849663483461079,52.59149853344912,64.32140000000001,63.9415,12,1,0.017812572668785442,1,0.01705294163243165,1,-0.0015812727695525552,0
USOILZ25.sim,H4,2025-09-02 16:00:00+00:00,64.513,65.725,64.474,65.654,10916,0.017812572668785442,0.0176557878854382,0.5615576152819479,0.020688081365445633,62.18643290433954,64.42235000000001,63.98852,16,1,-0.0007767995857068666,0,-0.00396015475066247,0,-0.02587808815913728,0
USOILZ25.sim,H4,2025-09-02 20:00:00+00:00,65.645,65.724,65.463,65.603,3515,-0.0007767995857068666,-0.0007771014508408669,0.5400892141903809,0.020491084117812308,61.590585646449995,64.49879999999999,64.04332,20,1,3.0486410682595277e-05,1,-0.0034906940231391737,0,-0.028489550782738515,0
USOILZ25.sim,H4,2025-09-03 00:00:00+00:00,65.473,65.634,65.473,65.605,507,3.0486410682595277e-05,3.048594598187293e-05,0.5130114131767823,0.01974588410305548,61.60612188153318,64.60229999999999,64.08672,0,2,-0.0032162182760460123,0,-0.018321774255011025,0,-0.02897644996570392,0
USOILZ25.sim,H4,2025-09-03 04:00:00+00:00,65.605,65.693,65.315,65.394,1573,-0.0032162182760460123,-0.0032214014224498655,0.5033677408070122,0.019013443093127667,58.89932564378762,64.65785,64.1255,4,2,-0.0003058384561276384,0,-0.022005076918371835,0,-0.028901734104046395,0
USOILZ25.sim,H4,2025-09-03 08:00:00+00:00,65.393,65.504,65.144,65.374,3703,-0.0003058384561276384,-0.0003058852342459062,0.4931271878922256,0.018975604425024193,58.63634076542167,64.7174,64.1635,8,2,-0.014852999663474642,0,-0.025086425796188028,0,-0.03151099825618742,0
USOILZ25.sim,H4,2025-09-03 12:00:00+00:00,65.365,65.373,64.004,64.403,8559,-0.014852999663474642,-0.014964410024737695,0.5557609601856374,0.020878710939743004,47.53847187765245,64.72885,64.1821,12,2,-0.006956197692654209,0,-0.010853531667779581,0,-0.01863267239103772,0
USOILZ25.sim,H4,2025-09-03 16:00:00+00:00,64.404,64.764,63.774,63.955,13345,-0.006956197692654209,-0.006980504824889877,0.5867780344580915,0.021242938175450633,43.45219391021793,64.71990000000001,64.19292,16,2,-0.003455554686889184,0,-0.007051833320303347,0,-0.006129309670862226,0
USOILZ25.sim,H4,2025-09-03 20:00:00+00:00,63.964,64.053,63.695,63.734,3747,-0.003455554686889184,-0.0034615389058272328,0.5704367462825134,0.021091691727596642,41.55461061315391,64.68345000000001,64.19474,20,2,-0.00047070637336432686,0,-0.006589889227100132,0,-0.00690369347600972,0
USOILZ25.sim,H4,2025-09-04 00:00:00+00:00,63.775,63.803,63.623,63.704,712,-0.00047070637336432686,-0.0004708171903855529,0.5425484072623338,0.020699080825022184,41.29100282626943,64.6699,64.19736,0,3,-0.0031395202813010448,0,-0.007864498304658962,0,-0.006922642220268838,0
USOILZ25.sim,H4,2025-09-04 04:00:00+00:00,63.693,63.693,63.433,63.504,1894,-0.0031395202813010448,-0.003144458914433379,0.5231520924578815,0.020758087023384025,39.49235762497843,64.6454,64.19318,4,3,-0.0029919375157470007,0,0.0009290753338373481,1,-0.003306878306878369,0
USOILZ25.sim,H4,2025-09-04 08:00:00+00:00,63.504,63.694,63.013,63.314,5641,-0.0029919375157470007,-0.0029964223085103825,0.5344269429966046,0.020792874250000648,37.80745129178093,64.61735,64.18436,8,3,-0.0017531667561676567,0,-0.0003158859020122584,0,0.0004738288530183876,1
USOILZ25.sim,H4,2025-09-04 12:00:00+00:00,63.304,63.435,62.873,63.203,5021,-0.0017531667561676567,-0.0017547053515443167,0.536396447068276,0.02076754803641768,36.81914743367101,64.5923,64.17434,12,3,0.005695932155119099,1,0.0009493220258531831,1,-0.01659731341866688,0
USOILZ25.sim,H4,2025-09-04 16:00:00+00:00,63.204,63.664,62.724,63.563,10300,0.005695932155119099,0.005679771670537903,0.5652252722776853,0.019872566428616914,42.10503688805037,64.54724999999999,64.16674,16,3,-0.004232021773673433,0,-0.004232021773673433,0,-0.027516007740352122,0
USOILZ25.sim,H4,2025-09-04 20:00:00+00:00,63.563,63.653,63.223,63.294,3377,-0.004232021773673433,-0.004241002123466231,0.5555663242578506,0.01968488913249113,39.44917789124632,64.47279999999999,64.15214,20,3,-0.0004897778620406301,0,0.0007899642936139983,1,-0.021487028786298823,0
USOILZ25.sim,H4,2025-09-05 00:00:00+00:00,63.255,63.344,63.203,63.263,507,-0.0004897778620406301,-0.0004898978423950595,0.5259544439537183,0.019681851949361184,39.14275833061103,64.4033,64.11712,0,4,0.0004900178619413609,1,-0.017529993835259106,0,-0.01713481814014506,0
USOILZ25.sim,H4,2025-09-05 04:00:00+00:00,63.264,63.365,63.094,63.294,1419,0.0004900178619413609,0.0004898978423950595,0.5077434122427384,0.01970081997408591,39.64760295435594,64.33874999999999,64.0887,4,4,0.0007899642936139983,1,-0.02338294309097222,0,-0.011596675830252368,0
USOILZ25.sim,H4,2025-09-05 08:00:00+00:00,63.294,63.393,63.014,63.344,3962,0.0007899642936139983,0.000789652436047561,0.49854745422539987,0.019569956760079946,40.504877304657725,64.2658,64.06772000000001,8,4,-0.018786309674160062,0,-0.022259408941652015,0,-0.0073250820914372294,0
USOILZ25.sim,H4,2025-09-05 12:00:00+00:00,63.353,63.455,61.763,62.154,7287,-0.018786309674160062,-0.018965014059754814,0.5837940646378713,0.021818182514273615,29.694096498264912,64.13085,64.02232000000001,12,4,-0.005470283489397376,0,0.0004022267271615032,1,0.013144769443639959,1
USOILZ25.sim,H4,2025-09-05 16:00:00+00:00,62.144,62.394,61.424,61.814,12458,-0.005470283489397376,-0.005485300279226557,0.6113802028780233,0.019845051997941173,27.440585156381758,63.93390000000001,63.978519999999996,16,4,0.001941307794350644,1,0.012068463454880884,1,0.006406315721357636,1
USOILZ25.sim,H4,2025-09-05 20:00:00+00:00,61.804,62.053,61.573,61.934,3778,0.001941307794350644,0.0019394258915488294,0.60199590267245,0.017697166828171573,29.47490996022212,63.80535,63.94352,20,4,0.003955823941615311,1,0.01527432428068587,1,0.007847063002551113,1
USOILZ25.sim,H4,2025-09-08 00:00:00+00:00,62.32,62.32,61.838,62.179,2985,0.003955823941615311,0.003948020243354833,0.593424766767275,0.014110221335143516,33.56997194815672,63.631600000000006,63.92102,0,0,0.0061274706894611786,1,0.012737419385966176,1,0.00368291545377053,1
USOILZ25.sim,H4,2025-09-08 04:00:00+00:00,62.171,62.669,62.089,62.56,3596,0.0061274706894611786,0.0061087740773588806,0.5924658548553265,0.014891892398927022,39.45734885757076,63.47945000000001,63.90693999999999,4,0,0.005115089514066584,1,-0.005594629156010278,0,0.0022218670076725733,1
USOILZ25.sim,H4,2025-09-08 08:00:00+00:00,62.569,63.051,62.548,62.88,6256,0.005115089514066584,0.005102051883895342,0.5860754366513746,0.015400939709753085,43.95038320011346,63.3432,63.89845999999999,8,0,0.0014472010178117056,1,-0.007315521628498689,0,0.0014312977099235624,1
USOILZ25.sim,H4,2025-09-08 12:00:00+00:00,62.889,63.3,62.878,62.971,6735,0.0014472010178117056,0.0014461548316582196,0.5743557626048477,0.015507463253742044,45.195950086892296,63.22205,63.8934,12,0,-0.012084927982722093,0,-0.008940623461593411,0,-0.0022708865985928695,0
USOILZ25.sim,H4,2025-09-08 16:00:00+00:00,62.99,63.03,61.93,62.21,13219,-0.012084927982722093,-0.012158544425680873,0.6119017795616444,0.01645554489120567,37.65906509361036,63.06385,63.87792,16,0,0.0033756630766756945,1,0.007860472592830625,1,0.008841022343674565,1
USOILZ25.sim,H4,2025-09-08 20:00:00+00:00,62.209,62.439,62.149,62.42,3846,0.0033756630766756945,0.003369978315705069,0.5889087953072412,0.015068854808260285,40.60266415188545,62.96470000000001,63.854440000000004,20,0,-0.0001922460749759214,0,0.008811278436398506,1,0.0052547260493431835,1
USOILZ25.sim,H4,2025-09-09 00:00:00+00:00,62.409,62.47,62.369,62.408,633,-0.0001922460749759214,-0.00019226455662124664,0.5540581670710095,0.014753678529166559,40.48502648385775,62.88734999999999,63.82512,0,1,0.0046628637354184654,1,0.006729906422253684,1,0.010431354954492988,1
USOILZ25.sim,H4,2025-09-09 04:00:00+00:00,62.409,62.7,62.349,62.699,1907,0.0046628637354184654,0.004652026262359499,0.5395540122802236,0.0150318216629692,44.67140008212338,62.8356,63.80302,4,1,0.0043222379942264855,1,0.0009729022791431507,1,0.008947511124579366,1
USOILZ25.sim,H4,2025-09-09 08:00:00+00:00,62.701,63.132,62.578,62.97,5183,0.0043222379942264855,0.004312923952279668,0.5405858685459216,0.01529286689306744,48.31740331316724,62.7989,63.78732,8,1,-0.0022550420835317775,0,-0.003525488327775106,0,0.004319517230427117,1
USOILZ25.sim,H4,2025-09-09 12:00:00+00:00,62.95,63.008,62.561,62.828,6308,-0.0022550420835317775,-0.002257588519865017,0.5339011636497846,0.01525355704791402,46.585122299358005,62.765100000000004,63.773199999999996,12,1,-0.0010823199847203036,0,0.0036767046539758486,1,0.006223339912140968,1
USOILZ25.sim,H4,2025-09-09 16:00:00+00:00,62.841,63.612,62.678,62.76,16492,-0.0010823199847203036,-0.0010829061159540743,0.5624796519605145,0.01519193442839613,45.73943309158396,62.7374,63.7557,16,1,-0.00019120458891008774,0,0.007966857871255506,1,0.019120458891013437,1
USOILZ25.sim,H4,2025-09-09 20:00:00+00:00,62.768,62.902,62.519,62.748,4083,-0.00019120458891008774,-0.00019122287083828127,0.549659676820478,0.01517331298696409,45.58217405876944,62.714650000000006,63.72918000000001,20,1,0.004956333269586333,1,0.007872760884809038,1,0.015347102696500192,1
USOILZ25.sim,H4,2025-09-10 00:00:00+00:00,62.7,63.121,62.7,63.059,1575,0.004956333269586333,0.004944091084084334,0.5404696999047296,0.01508591696778208,50.34687088295726,62.68945,63.71966,0,2,0.003187491079782445,1,0.002537306332165201,1,0.01014922532866036,1
USOILZ25.sim,H4,2025-09-10 04:00:00+00:00,63.041,63.26,62.991,63.26,2041,0.003187491079782445,0.0031824217994245174,0.5210790070543917,0.015036602011403387,53.19900239489101,62.68775000000001,63.6992,4,2,-0.0002845399936769466,0,0.011065444198545826,1,0.003793866582358474,1
USOILZ25.sim,H4,2025-09-10 08:00:00+00:00,63.261,63.401,63.03,63.242,5545,-0.0002845399936769466,-0.0002845804828615073,0.5103590779790782,0.015035025885164638,52.90592094325259,62.686699999999995,63.68038000000001,8,2,-0.00036368236298656154,0,0.007415957749596913,1,0.001691913601720385,1
USOILZ25.sim,H4,2025-09-10 12:00:00+00:00,63.248,63.46,62.9,63.219,5276,-0.00036368236298656154,-0.00036374851145559717,0.5139048581234299,0.01503321459674579,52.50786035410547,62.682950000000005,63.66128,12,2,0.01172115977791477,1,0.007592654107151375,1,-0.012480425188630018,0
USOILZ25.sim,H4,2025-09-10 16:00:00+00:00,63.222,64.051,62.942,63.96,13714,0.01172115977791477,0.011652999082567561,0.5564116539717564,0.016347043320059654,62.339142542729206,62.713750000000005,63.657799999999995,16,2,-0.003893058161350882,0,-0.007191994996873063,0,-0.028298936835522204,0
USOILZ25.sim,H4,2025-09-10 20:00:00+00:00,63.958,63.959,63.609,63.711,3665,-0.003893058161350882,-0.0039006558374818923,0.5417393929737738,0.012258181753734982,57.994620927220616,62.7916,63.642759999999996,20,2,-0.00018835052031829225,0,-0.005681907362935834,0,-0.027797397623644304,0
USOILZ25.sim,H4,2025-09-11 00:00:00+00:00,63.688,63.762,63.658,63.699,455,-0.00018835052031829225,-0.00018836826050527833,0.510472293475647,0.011670087086826444,57.78561075260132,62.88584999999999,63.63724,0,3,-0.0031240678817563428,0,-0.019921819808788155,0,-0.030754014976687172,0
USOILZ25.sim,H4,2025-09-11 04:00:00+00:00,63.691,63.692,63.481,63.5,1498,-0.0031240678817563428,-0.003128957969120272,0.4895814153702434,0.011937214408790314,54.29126262573506,62.96415,63.627359999999996,4,3,-0.002377952755905577,0,-0.021259842519685046,0,-0.03149606299212604,0
USOILZ25.sim,H4,2025-09-11 08:00:00+00:00,63.5,63.632,63.16,63.349,4791,-0.002377952755905577,-0.0023807845757399804,0.4883255999866547,0.011988451928664143,51.73480929627517,63.02265,63.616839999999996,8,3,-0.014506937757502003,0,-0.022241866485658845,0,-0.0205054539140318,0
USOILZ25.sim,H4,2025-09-11 12:00:00+00:00,63.34,63.54,62.36,62.43,3395,-0.014506937757502003,-0.014613192249252727,0.5377309142733222,0.014310583292699472,39.53371462017965,63.016149999999996,63.59136,12,3,-0.004485023226013185,0,-0.011052378664103801,0,0.012013455069677992,1
USOILZ25.sim,H4,2025-09-11 16:00:00+00:00,62.42,62.42,61.96,62.15,3873,-0.004485023226013185,-0.004495111116932904,0.5328929918252278,0.014172812648895496,36.694221467693076,62.97965000000001,63.54508,16,3,-0.0033789219629927203,0,-0.01045856798069189,0,0.001769911504424737,1
USOILZ25.sim,H4,2025-09-11 20:00:00+00:00,62.14,62.26,61.89,61.94,1137,-0.0033789219629927203,-0.003384643411663113,0.5212577781234256,0.01420126560977528,34.68222987355942,62.92810000000001,63.48821999999999,20,3,-0.003228931223764886,0,0.001775912173070715,1,0.005650629641588578,1
USOILZ25.sim,H4,2025-09-12 00:00:00+00:00,61.95,61.99,61.73,61.74,280,-0.003228931223764886,-0.003234155471043998,0.5025965082574669,0.012715762840405405,32.835644410503335,62.9046,63.42996,0,4,-0.0038872691933916625,0,0.023323615160349753,1,0.013281503077421375,1
USOILZ25.sim,H4,2025-09-12 04:00:00+00:00,61.75,61.77,61.44,61.5,856,-0.0038872691933916625,-0.00389484426154052,0.49026818623907686,0.01266181621713408,30.721791033295858,62.8586,63.36826,4,4,0.008943089430894169,1,0.012357723577235635,1,0.020162601626016352,1
USOILZ25.sim,H4,2025-09-12 08:00:00+00:00,61.51,62.14,61.38,62.05,1712,0.008943089430894169,0.008903336838143261,0.5095347443648569,0.013722282737562833,40.21961573600289,62.840700000000005,63.313199999999995,8,4,0.018211120064464126,1,0.0038678485092666914,1,0.010636583400483568,1
USOILZ25.sim,H4,2025-09-12 12:00:00+00:00,62.04,63.61,62.03,63.18,3992,0.018211120064464126,0.018047283723323204,0.5859965483387956,0.016849966409961913,54.132889173379226,62.86475,63.279740000000004,12,4,-0.014561570117125666,0,-0.009813232035454256,0,-0.008705286483064234,0
USOILZ25.sim,H4,2025-09-12 16:00:00+00:00,63.19,63.2,62.26,62.26,3966,-0.014561570117125666,-0.014668630360477053,0.6112825091717391,0.01857114087735933,44.95851158815097,62.82925,63.20987999999999,16,4,0.0004818503051717826,1,0.007709604882749854,1,0.010440089945390252,1
USOILZ25.sim,H4,2025-09-12 20:00:00+00:00,62.25,62.42,62.16,62.29,1553,0.0004818503051717826,0.00048173425259179226,0.5861909013737581,0.018552991435653636,45.28415822636199,62.802350000000004,63.16558,20,4,0.004334564135495267,1,0.006742655321881452,1,0.011077219457376719,1
USOILZ25.sim,H4,2025-09-15 00:00:00+00:00,62.28,62.56,62.22,62.56,513,0.004334564135495267,0.004325196971001866,0.5686058369899185,0.018728525272114698,48.251589291336636,62.79235,63.103699999999996,0,0,0.002877237851662384,1,0.0011189258312021,1,0.007672634271099765,1
USOILZ25.sim,H4,2025-09-15 04:00:00+00:00,62.57,62.83,62.56,62.74,655,0.002877237851662384,0.0028731065254765653,0.5472768486334955,0.018801954024593018,50.19099575117295,62.79195,63.046440000000004,4,0,-0.00047816385081289603,0,0.0027095951546061148,1,0.006694293911380322,1
USOILZ25.sim,H4,2025-09-15 08:00:00+00:00,62.73,62.93,62.55,62.71,1552,-0.00047816385081289603,-0.0004782782076029335,0.5353285023025317,0.018584414612024307,49.85562942137709,62.7745,62.98854,8,0,-0.00127571360229628,0,0.004305533407749973,1,-0.0004783926008611328,0
USOILZ25.sim,H4,2025-09-15 12:00:00+00:00,62.7,62.81,62.47,62.63,1757,-0.00127571360229628,-0.0012765280176081362,0.5213764664237798,0.0184824618509629,48.916973039828775,62.742999999999995,62.93326,12,0,0.004470700942040384,1,0.006546383522273658,1,0.018202139549736485,1
USOILZ25.sim,H4,2025-09-15 16:00:00+00:00,62.64,63.32,62.61,62.91,3299,0.004470700942040384,0.004460737044617247,0.5348495759649384,0.018681642084682818,52.301877723942816,62.7264,62.88398,16,0,0.001112700683516099,1,0.003973931012557719,1,0.01923382610077895,1
USOILZ25.sim,H4,2025-09-15 20:00:00+00:00,62.92,63.15,62.88,62.98,869,0.001112700683516099,0.0011120820909402696,0.5159317491102997,0.018696615442964047,53.13789699112006,62.71445,62.85552,20,0,0.0009526833915529664,1,-0.004763416957764277,0,0.018418545570022316,1
USOILZ25.sim,H4,2025-09-16 00:00:00+00:00,62.97,63.07,62.97,63.04,173,0.0009526833915529664,0.0009522298767450366,0.48622233845956414,0.017432155296809217,53.88400969862046,62.66844999999999,62.837219999999995,0,1,0.0019035532994924331,1,0.011579949238578635,1,0.017449238578680193,1
USOILZ25.sim,H4,2025-09-16 04:00:00+00:00,63.03,63.21,63.03,63.16,607,0.0019035532994924331,0.0019017438378172713,0.464349314283881,0.017387942127365396,55.41300293773779,62.6409,62.825739999999996,4,1,-0.007599746675110763,0,0.015199493350221749,1,0.013932868904370066,1
USOILZ25.sim,H4,2025-09-16 08:00:00+00:00,63.17,63.23,62.61,62.68,1887,-0.007599746675110763,-0.0076287718996210785,0.4754672204064607,0.017826741718009707,48.4878184787763,62.58995,62.80526,8,1,0.017389917038928004,1,0.023292916400765806,1,0.01643267389917047,1
USOILZ25.sim,H4,2025-09-16 12:00:00+00:00,62.67,63.85,62.6,63.77,2383,0.017389917038928004,0.01724044283936088,0.5307909903774278,0.020307290000921775,60.545975045057524,62.603449999999995,62.81058,12,1,0.005488474204171201,1,0.005802101301552343,1,0.0009408812921436471,1
USOILZ25.sim,H4,2025-09-16 16:00:00+00:00,63.75,64.18,63.45,64.12,3241,0.005488474204171201,0.005473467414171651,0.545020205350469,0.020445790785729178,63.50047771135675,62.641999999999996,62.8267,16,1,0.0003119151590766922,1,-0.0012476606363068798,0,-0.0034310667498441694,0
USOILZ25.sim,H4,2025-09-16 20:00:00+00:00,64.13,64.35,64.02,64.14,1190,0.0003119151590766922,0.0003118665236563345,0.5296616192540069,0.018477197854353616,63.667906497720374,62.7275,62.845439999999996,20,1,0.0,0,-0.006704084814468381,0,-0.008419083255378879,0
USOILZ25.sim,H4,2025-09-17 00:00:00+00:00,64.11,64.28,64.09,64.14,292,0.0,0.0,0.5054000750215777,0.018189862950096145,63.66790649772037,62.827,62.85698,0,2,-0.001559089491736776,0,-0.004833177424384161,0,-0.01044589959463671,0
USOILZ25.sim,H4,2025-09-17 04:00:00+00:00,64.13,64.15,63.98,64.04,627,-0.001559089491736776,-0.0015603061364943827,0.48144292680575135,0.01805973447583882,62.018219269766,62.931999999999995,62.871900000000004,4,2,-0.005153029356652183,0,-0.0021861336664585895,0,-0.009212991880074961,0
USOILZ25.sim,H4,2025-09-17 08:00:00+00:00,64.03,64.14,63.6,63.71,1488,-0.005153029356652183,-0.005166352000117946,0.48562557489105473,0.018255278107145324,56.788922447856024,63.030499999999996,62.880840000000006,8,2,0.001883534766912609,1,-0.0017265735363365398,0,0.0018521425207973508,1
USOILZ25.sim,H4,2025-09-17 12:00:00+00:00,63.7,63.95,63.46,63.83,1523,0.001883534766912609,0.0018817631395693368,0.48593803382740813,0.017981277827136787,58.17014096508125,63.14699999999999,62.89156,12,2,0.0010966630111233222,1,-0.005639981200062705,0,-0.0006579978066739711,0
USOILZ25.sim,H4,2025-09-17 16:00:00+00:00,63.81,64.21,63.62,63.9,3388,0.0010966630111233222,0.0010960621155229333,0.49337103141116445,0.017517960223725617,58.99355988479528,63.2395,62.90267999999999,16,2,-0.0046948356807511304,0,-0.00704225352112664,0,-0.010657276995305165,0
USOILZ25.sim,H4,2025-09-17 20:00:00+00:00,63.91,63.99,63.32,63.6,2315,-0.0046948356807511304,-0.0047058910374122576,0.5059873863103671,0.014965065660842011,54.08017871870696,63.2605,62.931599999999996,20,2,-0.002044025157232787,0,0.003584905660377391,1,-0.004716981132075526,0
USOILZ25.sim,H4,2025-09-18 00:00:00+00:00,63.58,63.779,63.462,63.47,922,-0.002044025157232787,-0.002046117027697747,0.49248828728819805,0.012335741670382382,52.056876579562385,63.32099999999999,62.96472,0,3,-0.0003151095005513582,0,0.005010241058767795,1,-0.0036395147313691423,0
USOILZ25.sim,H4,2025-09-18 04:00:00+00:00,63.469,63.611,63.23,63.45,2897,-0.0003151095005513582,-0.00031515915798152605,0.48452483819618397,0.01235325700491734,51.736184417732645,63.379,62.99504000000001,4,3,0.005957446808510625,1,-0.0036406619385342953,0,-0.006288416075650116,0
USOILZ25.sim,H4,2025-09-18 08:00:00+00:00,63.45,63.881,63.221,63.828,5422,0.005957446808510625,0.005939771387783566,0.4970587783250282,0.0125241679992353,57.11362988939339,63.4424,63.028020000000005,8,3,-0.0006266842138247242,0,-0.00827223162248547,0,-0.017641160619164098,0
USOILZ25.sim,H4,2025-09-18 12:00:00+00:00,63.821,64.102,63.088,63.788,7159,-0.0006266842138247242,-0.000626880662454532,0.5339831513018122,0.012505858679971895,56.39754023395323,63.4948,63.052580000000006,12,3,-0.008920173073305282,0,-0.008606634476704067,0,-0.012980497899291343,0
USOILZ25.sim,H4,2025-09-18 16:00:00+00:00,63.791,64.178,63.169,63.219,12541,-0.008920173073305282,-0.0089601960025405,0.5679129262088256,0.013600687077619703,47.31050557257937,63.52025,63.05936,16,3,0.001281260380581628,1,-0.0026574289375029814,0,-0.012828421835207715,0
USOILZ25.sim,H4,2025-09-18 20:00:00+00:00,63.219,63.402,63.001,63.3,4122,0.001281260380581628,0.001280440266945071,0.5559905743367669,0.013572982880834696,48.58062982996402,63.55375,63.06594,20,3,-0.0009636650868878327,0,-0.00944707740916273,0,-0.015134281200631872,0
USOILZ25.sim,H4,2025-09-19 00:00:00+00:00,63.268,63.292,63.168,63.239,627,-0.0009636650868878327,-0.0009641297106064428,0.525705533312712,0.013401269145010166,47.649079773988326,63.5702,63.08652,0,4,-0.002972849033033298,0,-0.004411834469235654,0,-0.010578914910102877,0
USOILZ25.sim,H4,2025-09-19 04:00:00+00:00,63.24,63.331,62.999,63.051,2599,-0.002972849033033298,-0.002977276726139344,0.5118694237903755,0.013506007127995458,44.797969082943276,63.57375,63.09914,4,4,-0.005535201662146605,0,-0.010198093606762826,0,-0.0044567096477454715,0
USOILZ25.sim,H4,2025-09-19 08:00:00+00:00,63.06,63.231,62.662,62.702,5220,-0.005535201662146605,-0.00555057765660294,0.5159501792339203,0.013835415025187505,40.01168311912158,63.55685,63.10502,8,4,0.0041147012854454434,1,-0.00574144365410989,0,-0.004003062103282162,0
USOILZ25.sim,H4,2025-09-19 12:00:00+00:00,62.708,63.191,62.519,62.96,6446,0.0041147012854454434,0.004106259052365502,0.5270965950029263,0.013996384727092054,44.71422509162641,63.54684999999999,63.110240000000005,12,4,-0.008767471410419336,0,-0.006194409148665869,0,-0.01920266836086404,0
USOILZ25.sim,H4,2025-09-19 16:00:00+00:00,62.961,63.168,62.2,62.408,11168,-0.008767471410419336,-0.008806131823135388,0.5585896953598598,0.014208076638842885,37.873455140502955,63.533249999999995,63.099000000000004,16,4,-0.001057556723497055,0,0.00580053839251371,1,-0.0045987693885398695,0
USOILZ25.sim,H4,2025-09-19 20:00:00+00:00,62.41,62.539,62.299,62.342,3542,-0.001057556723497055,-0.0010581163311877972,0.5358332885484414,0.010027963533590747,37.141791182313305,63.461850000000005,63.08928000000001,20,4,0.00365724551666613,1,0.0017484200057746868,1,-0.0003528921112572192,0
USOILZ25.sim,H4,2025-09-22 00:00:00+00:00,62.451,62.581,62.399,62.57,1080,0.00365724551666613,0.003650574055447997,0.5146309107949816,0.009692864437699992,41.35654197884991,63.38435,63.08548,0,0,0.003196420009589307,1,-0.013089339939268085,0,-0.005258110915774328,0
USOILZ25.sim,H4,2025-09-22 04:00:00+00:00,62.569,62.809,62.532,62.77,1723,0.003196420009589307,0.0031913223191679663,0.4976572743096258,0.009961488847393231,44.84984658823432,63.31585,63.085919999999994,4,0,-0.005082045563167159,0,-0.010339334076788331,0,-0.013541500716902966,0
USOILZ25.sim,H4,2025-09-22 08:00:00+00:00,62.779,62.97,62.432,62.451,4571,-0.005082045563167159,-0.0050950030758087905,0.5005388975732237,0.010175711569293228,40.686760699386355,63.231399999999994,63.07376,8,0,-0.011208787689548694,0,-0.002097644553329836,0,-0.004355414645081712,0
USOILZ25.sim,H4,2025-09-22 12:00:00+00:00,62.45,62.508,61.681,61.751,5359,-0.011208787689548694,-0.011272079544688118,0.5238575477465652,0.01154239798017142,33.36745988595065,63.116949999999996,63.04358,12,0,0.005991805800715788,1,0.007935094168515455,1,0.021359977976065148,1
USOILZ25.sim,H4,2025-09-22 16:00:00+00:00,61.75,62.23,61.599,62.121,8438,0.005991805800715788,0.005973926317054179,0.531510580050382,0.012120770288017117,39.556902770047664,63.0375,63.02116,16,0,0.0032034255726727245,1,-0.0032356208045588586,0,0.019462017675182297,1
USOILZ25.sim,H4,2025-09-22 20:00:00+00:00,62.121,62.4,62.051,62.32,3601,0.0032034255726727245,0.0031983055364950275,0.5184741100467831,0.012249400928735873,42.642851984518465,62.962,63.00318,20,0,-0.0012676508344030557,0,-0.002262516046213081,0,0.02098844672657263,1
USOILZ25.sim,H4,2025-09-23 00:00:00+00:00,62.309,62.361,62.199,62.241,551,-0.0012676508344030557,-0.0012684549833803516,0.49301167361486997,0.012177874490286286,41.731954530986364,62.87904999999999,62.9688,0,1,-0.005157372150190409,0,0.013319194743015128,1,0.02340900692469594,1
USOILZ25.sim,H4,2025-09-23 04:00:00+00:00,62.241,62.241,61.861,61.92,2376,-0.005157372150190409,-0.005170717297640515,0.484939411213808,0.012221327494504827,38.16459765678385,62.79505,62.93298,4,1,0.004182816537467771,1,0.022771317829457294,1,0.025532945736433943,1
USOILZ25.sim,H4,2025-09-23 08:00:00+00:00,61.919,62.311,61.82,62.179,4505,0.004182816537467771,0.004174092878225011,0.4853723104128217,0.012577292436080802,42.440009545793636,62.730500000000006,62.90258,8,1,0.014329596809212086,1,0.023303687740233725,1,0.01950819408481963,1
USOILZ25.sim,H4,2025-09-23 12:00:00+00:00,62.18,63.158,62.13,63.07,6075,0.014329596809212086,0.01422789851586348,0.5241314310976201,0.01510567348240022,54.1776489039204,62.7115,62.89397999999999,12,1,0.004122403678452402,1,0.00995719042333909,1,0.018201997780244117,1
USOILZ25.sim,H4,2025-09-23 16:00:00+00:00,63.07,63.851,62.952,63.33,9945,0.004122403678452402,0.00411392985277903,0.5509077574477901,0.01489918133699645,56.93722508336392,62.6866,62.893600000000006,16,1,0.004705510816358727,1,0.0027001421127428316,1,0.02291173219643161,1
USOILZ25.sim,H4,2025-09-23 20:00:00+00:00,63.331,63.77,63.168,63.628,4345,0.004705510816358727,0.004694474507775048,0.5545572033443767,0.01515552847390604,59.91680443502916,62.6786,62.917559999999995,20,1,0.0011001445904319507,1,-0.003709058904884599,0,0.018278116552461032,1
USOILZ25.sim,H4,2025-09-24 00:00:00+00:00,63.609,63.809,63.609,63.698,891,0.0011001445904319507,0.0010995398748470109,0.5292316888197781,0.014280006936851827,60.606322936466086,62.702549999999995,62.94852000000001,0,2,-0.003092718766680269,0,0.00816352161763323,1,0.018399321799742685,1
USOILZ25.sim,H4,2025-09-24 04:00:00+00:00,63.7,63.712,63.5,63.501,1797,-0.003092718766680269,-0.0030975111048183734,0.5065722824755085,0.014393458500648342,57.60313457199651,62.712599999999995,62.97974,4,2,-0.0017165084014424403,0,0.020157162879324897,1,0.018267428859388035,1
USOILZ25.sim,H4,2025-09-24 08:00:00+00:00,63.5,63.822,63.232,63.392,4458,-0.0017165084014424403,-0.0017179832900025005,0.5125314051558295,0.014417928012485514,55.95110336282492,62.72025,63.01278,8,2,0.013030035335689139,1,0.022069030792528865,1,0.01416582534073707,1
USOILZ25.sim,H4,2025-09-24 12:00:00+00:00,63.391,64.428,63.342,64.218,5712,0.013030035335689139,0.012945874714152872,0.5534934476446987,0.015899179987584756,64.30544662548897,62.778600000000004,63.06714,12,2,0.008767012364134796,1,0.010152916627736763,1,0.005029742439814244,1
USOILZ25.sim,H4,2025-09-24 16:00:00+00:00,64.208,64.82,64.079,64.781,9861,0.008767012364134796,0.008728805256971839,0.5668867728129345,0.015988311530391743,68.66745049550899,62.88255,63.12176,16,2,0.0001543662493630471,1,-0.0018523949923588967,0,-0.0018678316172953124,0
USOILZ25.sim,H4,2025-09-24 20:00:00+00:00,64.788,65.021,64.762,64.791,3832,0.0001543662493630471,0.00015435433611976634,0.5448948604691536,0.015941554162122902,68.74052100208262,62.9741,63.153980000000004,20,2,0.001219305150406802,1,-0.007732555447515721,0,0.0063280393881866015,1
USOILZ25.sim,H4,2025-09-25 00:00:00+00:00,64.72,64.908,64.659,64.87,1022,0.001219305150406802,0.0012185624015792484,0.5237595132927851,0.01481389062429581,69.3486665490786,63.09720000000001,63.20618,0,3,-0.0032218282719285174,0,-0.005071681825188912,0,0.005564976106058106,1
USOILZ25.sim,H4,2025-09-25 04:00:00+00:00,64.87,64.89,64.632,64.661,2290,-0.0032218282719285174,-0.0032270295353589162,0.5047766909147288,0.014998737914394903,65.70667316428354,63.21315,63.253600000000006,4,3,-0.005737616182861283,0,-1.546527273010856e-05,0,0.007423330910440562,1
USOILZ25.sim,H4,2025-09-25 08:00:00+00:00,64.658,64.878,64.24,64.29,5072,-0.005737616182861283,-0.005754139536009895,0.5142926415636772,0.015513218439517933,59.71188142698863,63.29915000000001,63.2882,8,3,0.003904184165499869,1,0.014170166433348674,1,0.012894695909161591,1
USOILZ25.sim,H4,2025-09-25 12:00:00+00:00,64.279,64.819,64.252,64.541,8079,0.003904184165499869,0.003896582617306521,0.5180574528805579,0.015544346493597906,62.223050760833225,63.38770000000001,63.32422,12,3,0.0018437892192559868,1,0.01069087866627405,1,0.010071117584171452,1
USOILZ25.sim,H4,2025-09-25 16:00:00+00:00,64.54,64.941,64.04,64.66,11339,0.0018437892192559868,0.001842091526385481,0.5454104919605178,0.015087931185715123,63.38819079872922,63.49815000000001,63.36322,16,3,0.008366841942468284,1,0.007438911227961809,1,0.01809464893287971,1
USOILZ25.sim,H4,2025-09-25 20:00:00+00:00,64.66,65.31,64.588,65.201,5913,0.008366841942468284,0.00833203394101556,0.5580240282490528,0.013485430409026283,68.19139311078636,63.67065,63.41464,20,3,0.0004601156423982289,1,-0.0012576494225547963,0,-0.0006288247112773426,0
USOILZ25.sim,H4,2025-09-26 00:00:00+00:00,65.208,65.321,65.179,65.231,940,0.0004601156423982289,0.00046000982165494975,0.5283080262312632,0.013402982720910698,68.43866442387439,63.82615,63.461059999999996,0,4,-0.0013797121000749257,0,-0.0006132053778110658,0,-0.0016863147889807362,0
USOILZ25.sim,H4,2025-09-26 04:00:00+00:00,65.22,65.37,65.129,65.141,2101,-0.0013797121000749257,-0.0013806647791971827,0.5077860243576016,0.013555233868773714,66.76193140576491,63.967200000000005,63.50428,4,4,-0.00033772892648264996,0,0.010577055924839929,1,0.0024408590595783597,1
USOILZ25.sim,H4,2025-09-26 08:00:00+00:00,65.141,65.37,64.969,65.119,5516,-0.00033772892648264996,-0.00033778596974087804,0.5001584511892022,0.013489162153715687,66.33410839308718,64.11110000000001,63.545860000000005,8,4,0.0011056680845835665,1,0.0006296165481656235,1,-0.002165266665642984,0
USOILZ25.sim,H4,2025-09-26 12:00:00+00:00,65.119,65.319,64.639,65.191,5343,0.0011056680845835665,0.0011050572838140482,0.5130042761042597,0.01281873157299171,67.07767561712016,64.27465,63.58648,12,4,0.00980196652912202,1,-0.0010737678513906834,0,-0.010906413461980957,0
USOILZ25.sim,H4,2025-09-26 16:00:00+00:00,65.191,66.382,65.191,65.83,12274,0.00980196652912202,0.00975423888495186,0.5614325420968127,0.013390325539716832,72.81612469109541,64.4572,63.64948,16,4,-0.010177730518000971,0,-0.008051040559015621,0,-0.03859942275558248,0
USOILZ25.sim,H4,2025-09-26 20:00:00+00:00,65.829,65.882,65.092,65.16,6480,-0.010177730518000971,-0.010229877745941529,0.577758789089898,0.013529454360418391,60.841484515327295,64.5617,63.67728,20,4,-0.000598526703499136,0,-0.002793124616329079,0,-0.03129220380601583,0
USOILZ25.sim,H4,2025-09-29 00:00:00+00:00,64.998,65.158,64.849,65.121,2103,-0.000598526703499136,-0.000598705892109308,0.5587045898691905,0.013502434120823067,60.2206797365378,64.65125,63.6973,0,0,0.002748729288555074,1,-0.00984321493834539,0,-0.031955897483146645,0
USOILZ25.sim,H4,2025-09-29 04:00:00+00:00,65.111,65.35,65.008,65.3,2945,0.002748729288555074,0.002744958440650258,0.5432256905928197,0.013393752757660896,62.1306064654299,64.73485,63.7205,4,0,-0.004931087289433478,0,-0.030796324655436358,0,-0.03433384379785598,0
USOILZ25.sim,H4,2025-09-29 08:00:00+00:00,65.301,65.371,64.698,64.978,5903,-0.004931087289433478,-0.0049432852162434315,0.5524952841219041,0.013823915545830597,56.84339276387383,64.79885,63.737260000000006,8,0,-0.007664132475606933,0,-0.02857890362892046,0,-0.03151836006032804,0
USOILZ25.sim,H4,2025-09-29 12:00:00+00:00,64.961,64.961,64.15,64.48,7398,-0.007664132475606933,-0.0076936528677684635,0.5721741923989102,0.014467798909997826,49.78682014870099,64.8478,63.74606,12,0,-0.01847084367245666,0,-0.022332506203474045,0,-0.03334367245657577,0
USOILZ25.sim,H4,2025-09-29 16:00:00+00:00,64.448,64.448,63.099,63.289,12596,-0.01847084367245666,-0.01864355982039001,0.6299474643704172,0.017938844423480642,37.72505628185521,64.84265,63.73763999999999,16,0,-0.0026544897217525287,0,-0.0036499233674098797,0,-0.009480320434830714,0
USOILZ25.sim,H4,2025-09-29 20:00:00+00:00,63.29,63.47,62.97,63.121,4736,-0.0026544897217525287,-0.0026580191268239517,0.6206655026296731,0.01632368018405979,36.38595800698486,64.78779999999999,63.723459999999996,20,0,-0.0012832496316598219,0,-0.003025934316630008,0,-0.011422505980577036,0
USOILZ25.sim,H4,2025-09-30 00:00:00+00:00,63.112,63.171,63.0,63.04,821,-0.0012832496316598219,-0.001284073701535604,0.588546538156125,0.015358759479714969,35.72747391795666,64.70075,63.70626,0,1,0.00028553299492384276,1,-0.011262690355330007,0,-0.013483502538071068,0
USOILZ25.sim,H4,2025-09-30 04:00:00+00:00,63.039,63.182,62.89,63.058,2781,0.00028553299492384276,0.0002854922381363423,0.5673646425735448,0.015363015796651159,36.004634945004774,64.61410000000001,63.69541999999999,4,1,-0.00202987725585968,0,-0.0058517555266579535,0,-0.007437597132798346,0
USOILZ25.sim,H4,2025-09-30 08:00:00+00:00,63.052,63.221,62.428,62.93,6808,-0.00202987725585968,-0.0020319402489175076,0.5834814538182915,0.015294031001938808,34.8536305958725,64.5171,63.68462,8,1,-0.009534403305259787,0,-0.008422056252979537,0,-0.012061020181153626,0
USOILZ25.sim,H4,2025-09-30 12:00:00+00:00,62.928,63.102,62.001,62.33,11278,-0.009534403305259787,-0.009580146718083604,0.6204470642598421,0.015901981979836312,30.010580964612004,64.40055000000001,63.66222,12,1,0.005759666292315169,1,-0.002246109417615938,0,-0.007556553826407741,0
USOILZ25.sim,H4,2025-09-30 16:00:00+00:00,62.34,62.998,62.191,62.689,15425,0.005759666292315169,0.00574314283047439,0.6337722739555673,0.016250423549059916,35.76219178170524,64.3205,63.63943999999999,16,1,-0.004610059181036519,0,-0.0015951761872099457,0,-0.014372537446761036,0
USOILZ25.sim,H4,2025-09-30 20:00:00+00:00,62.691,62.729,62.311,62.4,5095,-0.004610059181036519,-0.00462071827585131,0.6183599686730268,0.016065356152699183,33.38381249857949,64.21345,63.61168,20,1,-0.0033653846153846034,0,-0.0036698717948717707,0,-0.010240384615384568,0
USOILZ25.sim,H4,2025-10-01 00:00:00+00:00,62.44,62.558,62.188,62.19,1152,-0.0033653846153846034,-0.0033710602595844463,0.6006199709106675,0.01595712745493113,31.732362143215454,64.08995,63.591100000000004,0,2,0.006415822479498345,1,-0.005322399099533581,0,-0.004325454253095273,0
USOILZ25.sim,H4,2025-10-01 04:00:00+00:00,62.19,62.591,62.19,62.589,2104,0.006415822479498345,0.006395328700048886,0.5863614015599059,0.015594278100636811,38.00728684371272,63.95935000000001,63.57688,4,2,-0.00667848983048136,0,-0.012797775967023028,0,-0.009091054338621785,0
USOILZ25.sim,H4,2025-10-01 08:00:00+00:00,62.58,62.862,61.992,62.171,6470,-0.00667848983048136,-0.0067008907355390335,0.6066213014484845,0.015723836945839332,34.436225912892766,63.80635000000001,63.555519999999994,8,2,-0.005018416946807935,0,-0.0065947145775361316,0,-0.0053240256711327705,0
USOILZ25.sim,H4,2025-10-01 12:00:00+00:00,62.17,62.359,61.612,61.859,9087,-0.005018416946807935,-0.005031051489126526,0.6166483513450214,0.01577597029960746,32.018048058486954,63.642250000000004,63.531679999999994,12,2,-0.0011477715449652592,0,0.001002279377293469,1,-0.007242276790766056,0
USOILZ25.sim,H4,2025-10-01 16:00:00+00:00,61.832,62.261,61.372,61.788,17037,-0.0011477715449652592,-0.0011484307391764759,0.6361020405346629,0.015745727299728562,31.476364449194946,63.4757,63.51339999999999,16,2,-0.00043697805399101064,0,0.0037547743898491692,1,-0.019421246844047335,0
USOILZ25.sim,H4,2025-10-01 20:00:00+00:00,61.789,62.07,61.669,61.761,5395,-0.00043697805399101064,-0.0004370735567231776,0.6193090376393301,0.015652732563354026,31.259780204329445,63.3042,63.48942,20,2,0.0025906316283739184,1,0.0012791243665095653,1,-0.017826783892747944,0
USOILZ25.sim,H4,2025-10-02 00:00:00+00:00,61.74,62.479,61.56,61.921,2411,0.0025906316283739184,0.0025872817265835124,0.6407155349508062,0.0142839893781676,34.15132700127447,63.10875,63.47968,0,3,0.0015988113887051014,1,-0.008236301093328513,0,-0.021139839472876676,0
USOILZ25.sim,H4,2025-10-02 04:00:00+00:00,61.922,62.25,61.86,62.02,2841,0.0015988113887051014,0.0015975346504379928,0.6228072824543202,0.013872496139625901,35.946724224990746,62.951750000000004,63.47324,4,3,-0.00290228958400518,0,-0.023089326023863266,0,-0.018864882296033558,0
USOILZ25.sim,H4,2025-10-02 08:00:00+00:00,62.031,62.22,61.68,61.84,6944,-0.00290228958400518,-0.00290650939313597,0.6168924765647258,0.013831746951609759,34.12489828540723,62.787699999999994,63.45864,8,3,-0.006937257438551114,0,-0.019081500646830674,0,-0.008085381630012933,0
USOILZ25.sim,H4,2025-10-02 12:00:00+00:00,61.812,61.861,61.209,61.411,8544,-0.006937257438551114,-0.0069614320776070215,0.6194001568101021,0.013671427413619788,30.196835146017065,62.59325,63.43146000000001,12,3,-0.013401507873182283,0,-0.013010698409079757,0,-0.009298008500105759,0
USOILZ25.sim,H4,2025-10-02 16:00:00+00:00,61.382,61.808,60.391,60.588,15018,-0.013401507873182283,-0.013492118536780673,0.6763715741808092,0.014796831603988442,24.39532637086539,62.373749999999994,63.3942,16,3,0.0011883541295305555,1,0.004324288638014151,1,0.008780616623753845,1
USOILZ25.sim,H4,2025-10-02 20:00:00+00:00,60.581,60.749,60.371,60.66,4368,0.0011883541295305555,0.0011876485956561211,0.6550593188821799,0.014801107091935717,25.73949807924896,62.18275,63.37237999999999,20,3,-0.0007912957467852699,0,0.011210023079459397,1,-0.00013188262446417465,0
USOILZ25.sim,H4,2025-10-03 00:00:00+00:00,60.68,60.731,60.57,60.612,1113,-0.0007912957467852699,-0.0007916089865194209,0.6197693675334529,0.011785759705619719,25.41509035254748,62.04889999999999,63.34219999999999,0,4,0.003926615191711225,1,0.0037616313601267493,1,0.018923645482742613,1
USOILZ25.sim,H4,2025-10-03 04:00:00+00:00,60.618,60.861,60.618,60.85,1843,0.003926615191711225,0.003918926159620639,0.5932858412810631,0.012239941391460831,30.118103587110085,61.93535000000001,63.312799999999996,4,4,0.008052588331963983,1,0.004437140509449433,1,0.01626951520131481,1
USOILZ25.sim,H4,2025-10-03 08:00:00+00:00,60.839,61.35,60.828,61.34,6521,0.008052588331963983,0.008020339252569286,0.5881939954752727,0.01337939341031858,38.68971326463861,61.85034999999999,63.29478,8,4,-0.008151287903488735,0,-0.011216172155200543,0,0.008950114118030594,1
USOILZ25.sim,H4,2025-10-03 12:00:00+00:00,61.341,61.36,60.539,60.84,7593,-0.008151287903488735,-0.008184691295013202,0.6048229957984674,0.013845285882601335,34.09417396051151,61.73945,63.27318,12,4,0.00460223537146609,1,0.015105193951347795,1,0.008530571992110492,1
USOILZ25.sim,H4,2025-10-03 16:00:00+00:00,60.838,61.252,60.642,61.12,13478,0.00460223537146609,0.004591677467172595,0.6051927818128625,0.0142773624842937,38.499635118851955,61.64895,63.251999999999995,16,4,-0.007657068062827177,0,0.01178010471204205,1,0.00834424083769636,1
USOILZ25.sim,H4,2025-10-03 20:00:00+00:00,61.12,61.18,60.6,60.652,5219,-0.007657068062827177,-0.0076865339195721916,0.6033932973976579,0.013971629308839929,34.36483655604506,61.56505,63.20364000000001,20,4,0.018251665237749792,1,0.020395040559256117,1,0.0172789025918354,1
USOILZ25.sim,H4,2025-10-06 00:00:00+00:00,61.42,61.801,61.33,61.759,4482,0.018251665237749792,0.01808710293689586,0.6423652047263968,0.017214268069047512,48.464039681567854,61.518550000000005,63.172219999999996,0,0,0.0013115497336420034,1,-0.006476788808108869,0,-0.0014248935377839667,0
USOILZ25.sim,H4,2025-10-06 04:00:00+00:00,61.759,61.889,61.65,61.84,1792,0.0013115497336420034,0.0013106904035780076,0.6135534043887974,0.017098980768452343,49.32186857713353,61.49055,63.13646000000001,4,0,0.0007923673997412006,1,-0.0033958602846054786,0,-0.0023932729624839277,0
USOILZ25.sim,H4,2025-10-06 08:00:00+00:00,61.839,62.01,61.438,61.889,7544,0.0007923673997412006,0.0007920536424226299,0.6105853040753115,0.017026335698702728,49.86552251183894,61.4755,63.10027999999999,8,0,-0.008563718916124063,0,-0.0030538544814102675,0,-0.006640921650050924,0
USOILZ25.sim,H4,2025-10-06 12:00:00+00:00,61.89,62.08,61.019,61.359,7649,-0.008563718916124063,-0.008600598257450187,0.6427577823556464,0.017160740232018364,44.32653712015025,61.414,63.05744000000001,12,0,0.004416629997229471,1,0.0050848286314966185,1,-0.0006193060512721393,0
USOILZ25.sim,H4,2025-10-06 16:00:00+00:00,61.349,61.962,61.168,61.63,13362,0.004416629997229471,0.004406905310012199,0.653560797901672,0.017072146974561393,47.53556124173609,61.38695,63.02219999999999,16,0,0.0011358104819081394,1,0.0010060035696899394,1,-0.0030829141651793623,0
USOILZ25.sim,H4,2025-10-06 20:00:00+00:00,61.63,61.831,61.471,61.7,4023,0.0011358104819081394,0.001135165937190763,0.6325921694801244,0.01688115913146298,48.363493925847706,61.379,62.97184,20,0,-0.00047001620745545925,0,-0.0035980551053484966,0,0.005008103727714763,1
USOILZ25.sim,H4,2025-10-07 00:00:00+00:00,61.748,61.799,61.63,61.671,582,-0.00047001620745545925,-0.00047012669969692666,0.5994784430886868,0.016872305717608276,48.02536269082014,61.373149999999995,62.909639999999996,0,1,0.0003405166123462422,1,-0.005675276872435964,0,0.007783236853626585,1
USOILZ25.sim,H4,2025-10-07 04:00:00+00:00,61.671,61.92,61.669,61.692,1252,0.0003405166123462422,0.0003404586497230966,0.5745871257252095,0.016872698962639605,48.307203340771444,61.3697,62.84766,4,1,-0.00346884523114821,0,-0.00408480840303449,0,0.00839655060623734,1
USOILZ25.sim,H4,2025-10-07 08:00:00+00:00,61.692,62.01,61.461,61.478,5263,-0.00346884523114821,-0.0034748756244740164,0.5727594738876945,0.016899493950952398,45.59390165642781,61.34755,62.77982,8,1,-0.0025537590682847,0,0.008637236084452882,1,0.012541071602849785,1
USOILZ25.sim,H4,2025-10-07 12:00:00+00:00,61.479,61.81,61.252,61.321,6486,-0.0025537590682847,-0.002557025473232777,0.5717052257528592,0.01690080449432806,43.65655980215339,61.312599999999996,62.71302,12,1,0.0019406076221848423,1,0.013535330474062857,1,0.020694378760946597,1
USOILZ25.sim,H4,2025-10-07 16:00:00+00:00,61.3,61.841,60.709,61.44,15182,0.0019406076221848423,0.0019387270757551534,0.6117262810562263,0.01689733723824041,45.545277477659205,61.29260000000001,62.65602,16,1,0.009261067708333348,1,0.012532552083333481,1,0.019010416666666696,1
USOILZ25.sim,H4,2025-10-07 20:00:00+00:00,61.44,62.08,61.38,62.009,4145,0.009261067708333348,0.009218446961116733,0.618031546695067,0.017211456914906022,53.5612181099944,61.322500000000005,62.605380000000004,20,1,0.0022899901627184693,1,0.0038704059088197074,1,0.004080052895547359,1
USOILZ25.sim,H4,2025-10-08 00:00:00+00:00,62.161,62.19,62.051,62.151,811,0.0022899901627184693,0.002287372131328347,0.5868150076454193,0.015219749276980407,55.328517272876915,61.400650000000006,62.55519999999999,0,2,0.0009493008962042637,1,0.007063442261588726,1,-0.003684574664929108,0
USOILZ25.sim,H4,2025-10-08 04:00:00+00:00,62.15,62.321,62.129,62.21,1470,0.0009493008962042637,0.0009488505950665527,0.5586139356707465,0.015220736641163591,56.076471166164154,61.47814999999999,62.49538,4,2,0.0006269088570969306,1,0.006397685259604602,1,-0.0008037293039705462,0
USOILZ25.sim,H4,2025-10-08 08:00:00+00:00,62.2,62.431,62.098,62.249,5195,0.0006269088570969306,0.0006267124318286577,0.5424986545514073,0.0151800896030971,56.59383157294729,61.56,62.43574,8,2,0.005477999646580578,1,0.00020883869620402784,1,0.007100515670934504,1
USOILZ25.sim,H4,2025-10-08 12:00:00+00:00,62.25,62.78,62.21,62.59,5898,0.005477999646580578,0.005463049977852741,0.5444630363691639,0.015286360345435613,60.927373712816504,61.647000000000006,62.384719999999994,12,2,0.0002875858763380368,1,-0.010672631410768574,0,-0.0006231027320658944,0
USOILZ25.sim,H4,2025-10-08 16:00:00+00:00,62.58,62.89,62.089,62.608,11288,0.0002875858763380368,0.0002875445314467484,0.5627871051999381,0.014809661337715366,61.14787400573298,61.71040000000001,62.3345,16,2,-0.005526450293892093,0,-0.007155635062611854,0,-0.018975210835675882,0
USOILZ25.sim,H4,2025-10-08 20:00:00+00:00,62.599,62.769,62.251,62.262,3830,-0.005526450293892093,-0.005541777616859811,0.5595880262570855,0.014354509159741721,54.75167121984648,61.781499999999994,62.275920000000006,20,2,-0.00546079470624139,0,0.006890238026404649,1,-0.012206482284539466,0
USOILZ25.sim,H4,2025-10-09 00:00:00+00:00,62.22,62.238,61.832,61.922,1901,-0.00546079470624139,-0.005475759349748088,0.5503317386672937,0.01464948558194395,49.294960999153105,61.821600000000004,62.19776000000001,0,3,0.0038435451051321845,1,0.010157940634992535,1,-0.012628791059720257,0
USOILZ25.sim,H4,2025-10-09 04:00:00+00:00,61.93,62.182,61.772,62.16,4658,0.0038435451051321845,0.003836177557943188,0.5403080430482016,0.013919659137265476,52.8382467389781,61.897000000000006,62.13776,4,3,0.008542471042471078,1,-0.011904761904761862,0,-0.02300514800514797,0
USOILZ25.sim,H4,2025-10-09 08:00:00+00:00,62.162,62.79,62.161,62.691,6913,0.008542471042471078,0.008506190606678565,0.5467146114019016,0.010921476123028911,59.618417569210145,61.9436,62.08916,8,3,-0.002233175415928934,0,-0.018966039782424948,0,-0.031120894546266653,0
USOILZ25.sim,H4,2025-10-09 12:00:00+00:00,62.698,62.842,62.04,62.551,7346,-0.002233175415928934,-0.002235672670712674,0.5649492820160514,0.011036003158217721,57.280259493180274,61.979150000000004,62.03418,12,3,-0.018081245703505888,0,-0.022557593004108645,0,-0.04429985132132186,0
USOILZ25.sim,H4,2025-10-09 16:00:00+00:00,62.55,62.829,61.371,61.42,13645,-0.018081245703505888,-0.018246708982680993,0.6287386190149048,0.01509585245112031,42.70812471080404,61.9557,61.96302,16,3,0.0013350700097687351,1,-0.011234125691957142,0,-0.03614457831325302,0
USOILZ25.sim,H4,2025-10-09 20:00:00+00:00,61.419,61.538,61.23,61.502,5217,0.0013350700097687351,0.0013341795962249492,0.6058287176566973,0.014349771613099655,43.82397300638324,61.96285,61.903459999999995,20,3,-0.005885987447562746,0,-0.012389840980781108,0,-0.03918571753764111,0
USOILZ25.sim,H4,2025-10-10 00:00:00+00:00,61.48,61.498,60.99,61.14,333,-0.005885987447562746,-0.005903378146213001,0.5991266663955047,0.014486812725183974,40.10995744366545,61.93834999999999,61.86048000000001,0,4,-0.0067059208374223855,0,-0.022244030094864198,0,-0.03022571148184494,0
USOILZ25.sim,H4,2025-10-10 04:00:00+00:00,61.13,61.15,60.71,60.73,784,-0.0067059208374223855,-0.006728506553204561,0.5877604759386827,0.014859302045264498,36.352247861489495,61.88985,61.81266000000001,4,4,0.00016466326362607475,1,-0.02519347933476035,0,-0.02795982216367532,0
USOILZ25.sim,H4,2025-10-10 08:00:00+00:00,60.72,60.96,60.54,60.74,2117,0.00016466326362607475,0.0001646497081191356,0.5757775848002056,0.014867713508746992,36.50848616687798,61.8433,61.76666,8,4,-0.015805070793546316,0,-0.02713203819558785,0,-0.047711557458017806,0
USOILZ25.sim,H4,2025-10-10 12:00:00+00:00,60.73,60.79,59.68,59.78,2547,-0.015805070793546316,-0.015931302761811317,0.6139363287430479,0.01700484742088411,29.11869353467054,61.747699999999995,61.701100000000004,12,4,-0.00970224155235866,0,-0.008163265306122436,0,-0.035429909668785564,0
USOILZ25.sim,H4,2025-10-10 16:00:00+00:00,59.76,59.99,59.09,59.2,5250,-0.00970224155235866,-0.009749614965831377,0.6343694481185445,0.01756442665724411,25.730087130838413,61.633799999999994,61.62649999999999,16,4,-0.0018243243243244445,0,-0.0028378378378379754,0,-0.016520270270270254,0
USOILZ25.sim,H4,2025-10-13 20:00:00+00:00,59.172,59.342,58.972,59.092,1424,-0.0018243243243244445,-0.001825990430599056,0.6154859161100769,0.017560195455133622,25.143337781420286,61.52235,61.56174,20,0,0.0033845529005618324,1,-0.021153455628511453,0,-0.01624585392269684,0
USOILZ25.sim,H4,2025-10-14 00:00:00+00:00,59.122,59.312,59.122,59.292,232,0.0033845529005618324,0.0033788381922521538,0.5872369221022142,0.017675685931492657,28.399588250386984,61.41495,61.4938,0,1,-0.0043850772448222886,0,-0.027491061188693267,0,-0.0187209066990488,0
USOILZ25.sim,H4,2025-10-14 04:00:00+00:00,59.302,59.342,58.972,59.032,1207,-0.0043850772448222886,-0.0043947198955480715,0.571719999094913,0.016536890631532186,26.76934247195274,61.266099999999994,61.42644,4,1,-0.020158558070199173,0,-0.013721371459547327,0,-0.01626236617427823,0
USOILZ25.sim,H4,2025-10-14 08:00:00+00:00,59.022,59.032,57.632,57.842,4235,-0.020158558070199173,-0.020364514356755237,0.6308828563024191,0.01896004145673367,20.865570222199892,61.05065,61.33948,8,1,-0.00311192559040141,0,0.005013657895646784,1,0.0057051969157360105,1
USOILZ25.sim,H4,2025-10-14 12:00:00+00:00,57.832,57.972,57.252,57.662,3988,-0.00311192559040141,-0.0031167776997254037,0.637248366566532,0.018782455240744934,20.141961360134076,60.82325000000001,61.24094,12,1,0.009711768582428615,1,0.009018070826540825,1,0.019770386042801125,1
USOILZ25.sim,H4,2025-10-14 16:00:00+00:00,57.672,58.382,57.572,58.222,6853,0.009711768582428615,0.00966491248406065,0.6495877689546365,0.02006322326627473,28.454885332979416,60.621900000000004,61.16196,16,1,-0.0015458074267459265,0,-0.0025763457112431,0,-0.003091614853491853,0
USOILZ25.sim,H4,2025-10-14 20:00:00+00:00,58.232,58.492,57.922,58.132,2216,-0.0015458074267459265,-0.001547003419721804,0.6439029283150196,0.01944949901166886,27.951296271108532,60.399,61.08742,20,1,0.0008601114704467339,1,0.0006880891763572095,1,0.0020642675290718504,1
USOILZ25.sim,H4,2025-10-15 00:00:00+00:00,58.202,58.332,58.112,58.182,401,0.0008601114704467339,0.0008597417865408019,0.6136241477210896,0.019488978499411776,28.70618593007164,60.1777,61.0153,0,2,-0.0018906190918153154,0,0.010656216699322707,1,0.0020624935547075562,1
USOILZ25.sim,H4,2025-10-15 04:00:00+00:00,58.172,58.272,57.912,58.072,1137,-0.0018906190918153154,-0.0018924085679250524,0.5955081371695833,0.019480551744448977,28.010855803322798,59.9682,60.94152,4,2,0.0017220002755200525,1,-0.0005166000826560824,0,0.004132800661247993,1
USOILZ25.sim,H4,2025-10-15 08:00:00+00:00,58.082,58.412,58.002,58.172,2358,0.0017220002755200525,0.001720519332923942,0.5822575559431843,0.019646181296060414,29.67847104595276,59.7807,60.86653999999999,8,2,0.010829952554493705,1,0.0013752320704119025,1,-0.00017190400880140455,0
USOILZ25.sim,H4,2025-10-15 12:00:00+00:00,58.182,58.882,58.072,58.802,2532,0.010829952554493705,0.010771728616110643,0.5985248733758136,0.020757868730796398,39.22943778028548,59.61279999999999,60.80218,12,2,-0.012924730451345123,0,-0.008503112139042868,0,-0.012754668208564302,0
USOILZ25.sim,H4,2025-10-15 16:00:00+00:00,58.792,58.802,57.732,58.042,4840,-0.012924730451345123,-0.013008981515486795,0.632201668134684,0.020406880212395544,33.34566219102294,59.38035,60.72621999999999,16,2,0.0036180696736844986,1,0.004651803866165816,1,-0.013266255470176791,0
USOILZ25.sim,H4,2025-10-15 20:00:00+00:00,58.052,58.322,57.742,58.252,2180,0.0036180696736844986,0.0036115402042469213,0.6284729775536356,0.020800692812565993,36.193400024884575,59.1654,60.663039999999995,20,2,0.0008583396278238897,1,-0.0015450113300831125,0,-0.023346837876811133,0
USOILZ25.sim,H4,2025-10-16 00:00:00+00:00,58.292,58.482,58.052,58.302,568,0.0008583396278238897,0.0008579714650229775,0.6142963362998045,0.019103828217889345,36.88481824078546,59.00949999999999,60.61732,0,3,0.0001715207025487775,1,-0.004288017563719992,0,-0.02313814277383275,0
USOILZ25.sim,H4,2025-10-16 04:00:00+00:00,58.292,58.362,58.152,58.312,1052,0.0001715207025487775,0.00017150599455462157,0.5854180265641042,0.01903862413474354,37.03178235231083,58.85,60.57036,4,3,-0.002572369323638357,0,-0.017835093977225935,0,-0.026289614487583934,0
USOILZ25.sim,H4,2025-10-16 08:00:00+00:00,58.322,58.582,58.092,58.162,2672,-0.002572369323638357,-0.0025756835504369135,0.578602453238097,0.018946797981566506,35.68935111120068,58.70110000000001,60.52136,8,3,-0.0018912692135758524,0,-0.0218355627385578,0,-0.03160138922320421,0
USOILZ25.sim,H4,2025-10-16 12:00:00+00:00,58.162,58.422,57.962,58.052,2561,-0.0018912692135758524,-0.0018930599213584642,0.5701308494353753,0.01879020588143206,34.69604408905957,58.5672,60.46540000000001,12,3,-0.013436229587266646,0,-0.018931302969751207,0,-0.015417212154619997,0
USOILZ25.sim,H4,2025-10-16 16:00:00+00:00,58.032,58.162,57.002,57.272,6864,-0.013436229587266646,-0.013527312514232115,0.6122643601899911,0.0197075953831002,28.614456613804293,58.3938,60.384040000000006,16,3,-0.006635004888950857,0,-0.00860804581645469,0,-0.007525492387204902,0
USOILZ25.sim,H4,2025-10-16 20:00:00+00:00,57.292,57.402,56.742,56.892,4131,-0.006635004888950857,-0.006657114385902219,0.6156740487478491,0.018387351971626054,26.204615213849365,58.2494,60.30508,20,3,0.0010722069886803798,1,-0.00998382900935113,0,0.005923504183364958,1
USOILZ25.sim,H4,2025-10-17 00:00:00+00:00,57.019,57.057,56.83,56.953,2191,0.0010722069886803798,0.0010716325853161734,0.5879116166944316,0.01798643908557861,27.26359029322566,58.13705,60.22174,0,4,-0.003055150738328072,0,0.003581900865625931,1,0.00040384176426178087,1
USOILZ25.sim,H4,2025-10-17 04:00:00+00:00,56.954,56.983,56.499,56.779,8702,-0.003055150738328072,-0.0030598272387161174,0.5804893583591146,0.017996775754393984,26.112500770614517,58.02139999999999,60.14428,4,4,-0.008013526127617743,0,0.0010919530107962316,1,0.0033815319044010472,1
USOILZ25.sim,H4,2025-10-17 08:00:00+00:00,56.777,56.934,56.26,56.324,14716,-0.008013526127617743,-0.008045806999517069,0.5871686899048922,0.01800708041286523,23.33770495477249,57.873000000000005,60.03558,8,4,0.014789432568709682,1,0.0160677508699667,1,0.010847951139833834,1
USOILZ25.sim,H4,2025-10-17 12:00:00+00:00,56.322,57.265,56.135,57.157,19522,0.014789432568709682,0.014681135374531529,0.6259423549116858,0.02028323066777027,36.6169652137047,57.779250000000005,59.94192,12,4,-0.0055286316636631305,0,-0.0031667162377311264,0,-0.010409923543922894,0
USOILZ25.sim,H4,2025-10-17 16:00:00+00:00,57.155,57.232,56.699,56.841,30622,-0.0055286316636631305,-0.005543971111261925,0.6193036152751369,0.017372153599208767,34.19701188648892,57.729200000000006,59.84096,16,4,0.006826058654844092,1,0.0022870815080662243,1,-0.004151932583874363,0
USOILZ25.sim,H4,2025-10-17 20:00:00+00:00,56.834,57.303,56.75,57.229,10242,0.006826058654844092,0.00680286659687912,0.614567642755484,0.01781160608385639,39.485297148762704,57.707550000000005,59.758359999999996,20,4,-0.0044208355903475605,0,-0.0051372555872022385,0,-0.005416834122560332,0
USOILZ25.sim,H4,2025-10-20 00:00:00+00:00,57.289,57.418,56.877,56.976,3203,-0.0044208355903475605,-0.004430636379791686,0.6093128111300921,0.016954706701024055,37.37601014626566,57.64525,59.66528,0,0,-8.775624824497452e-05,0,-0.007266217354675697,0,-0.0002281662454366451,0
USOILZ25.sim,H4,2025-10-20 04:00:00+00:00,56.974,57.054,56.754,56.971,5122,-8.775624824497452e-05,-8.776009905009374e-05,0.5872190389065143,0.01696089684349501,37.33356442785105,57.587199999999996,59.570699999999995,4,0,-0.0006319004405749284,0,-0.006424321145846124,0,-0.0018079373716450853,0
USOILZ25.sim,H4,2025-10-20 08:00:00+00:00,56.969,56.976,56.557,56.935,8443,-0.0006319004405749284,-0.0006321001738038845,0.5752033932703344,0.016928651083885977,37.00769012995674,57.524849999999994,59.47598,8,0,-0.006551330464564908,0,-0.0002810222183192712,0,0.004057258276982445,1
USOILZ25.sim,H4,2025-10-20 12:00:00+00:00,56.934,57.064,56.515,56.562,9446,-0.006551330464564908,-0.006572884620499764,0.5733317223224533,0.017191367523762765,33.72318288325472,57.44935,59.37338,12,0,0.0007602277147200631,1,0.007089565432622624,1,0.01564654715179814,1
USOILZ25.sim,H4,2025-10-20 16:00:00+00:00,56.57,56.875,55.956,56.605,21170,0.0007602277147200631,0.0007599388880041857,0.598022313585135,0.017145755540734997,34.44549532031105,57.371,59.27592,16,0,0.005547213143715313,1,0.004646232664959005,1,0.01029944351205736,1
USOILZ25.sim,H4,2025-10-20 20:00:00+00:00,56.612,57.065,56.533,56.919,7449,0.005547213143715313,0.005531884020033573,0.5933064340433394,0.016187884464453694,39.62036929162179,57.27685,59.18788000000001,20,0,0.000773028338516113,1,0.004339499991215634,1,0.011419736818988557,1
USOILZ25.sim,H4,2025-10-21 00:00:00+00:00,56.925,57.005,56.855,56.963,1168,0.000773028338516113,0.0007727297060009519,0.5616416887545298,0.014831038030774218,40.33117747120879,57.222899999999996,59.09834,0,1,-0.0016677492407352057,0,0.008496743500166826,1,0.008163193652019674,1
USOILZ25.sim,H4,2025-10-21 04:00:00+00:00,56.965,56.975,56.592,56.868,4223,-0.0016677492407352057,-0.0016691414826555118,0.5488815681292065,0.014599693999909596,39.2566179951624,57.1537,58.99552,4,1,0.005240205387915697,1,0.005627066188365948,1,0.023369909263557753,1
USOILZ25.sim,H4,2025-10-21 08:00:00+00:00,56.866,57.269,56.671,57.166,9496,0.005240205387915697,0.005226523288853535,0.5523900275485488,0.014985351271545622,44.27238501719871,57.096900000000005,58.89582,8,1,0.0049155092187664895,1,0.007049644893818208,1,0.018647447783647575,1
USOILZ25.sim,H4,2025-10-21 12:00:00+00:00,57.18,57.755,56.959,57.447,11039,0.0049155092187664895,0.004903467547834772,0.5697907398665096,0.01532093692913728,48.58373841347661,57.05364999999999,58.800560000000004,12,1,-0.00450850349017351,0,-0.0003307396382753458,0,0.012985882639650281,1
USOILZ25.sim,H4,2025-10-21 16:00:00+00:00,57.451,58.049,56.342,57.188,27752,-0.00450850349017351,-0.004518697443222308,0.6510199727331876,0.01543073182324338,45.118923626197734,57.004949999999994,58.69933999999999,16,1,0.006662236832901902,1,0.017643561586346834,1,0.025827096593690868,1
USOILZ25.sim,H4,2025-10-21 20:00:00+00:00,57.187,57.6,56.964,57.569,9300,0.006662236832901902,0.006640142211868927,0.6499471175379601,0.015946803574601483,50.68994098537698,56.9808,58.59892000000001,20,1,-0.002449234831246039,0,0.011516614844794937,1,0.02985982038944557,1
USOILZ25.sim,H4,2025-10-22 00:00:00+00:00,57.557,57.623,57.395,57.428,1768,-0.002449234831246039,-0.0024522391133388055,0.6198080377138198,0.014120876323873136,48.71893258155935,56.988600000000005,58.49532,0,2,0.013390680504283825,1,0.013321028069930962,1,0.04384620742494949,1
USOILZ25.sim,H4,2025-10-22 04:00:00+00:00,57.425,58.373,57.325,58.197,9239,0.013390680504283825,0.013301817751631084,0.650393177877118,0.015273348918919587,58.253101049255605,57.05385,58.41402,4,2,0.0006014055707337373,1,0.008041651631527369,1,0.038593054624808776,1
USOILZ25.sim,H4,2025-10-22 08:00:00+00:00,58.194,58.478,58.035,58.232,12735,0.0006014055707337373,0.0006012247988778086,0.6355793794573243,0.015276128037435001,58.63009697428799,57.1178,58.34022,8,2,-0.0006697348536887082,0,0.018134359115262955,1,0.053252507212529165,1
USOILZ25.sim,H4,2025-10-22 12:00:00+00:00,58.249,58.582,57.915,58.193,11368,-0.0006697348536887082,-0.0006699592262613407,0.637823709496087,0.015125441404565943,58.00155638462622,57.1885,58.26088,12,2,0.008110941178492315,1,0.030123898063340926,1,0.060643032667159424,1
USOILZ25.sim,H4,2025-10-22 16:00:00+00:00,58.179,58.899,58.14,58.665,25831,0.008110941178492315,0.008078224285892333,0.6464791588177952,0.014570996660578745,63.150377820332494,57.30555,58.18036,16,2,0.01061961987556459,1,0.030307679195431758,1,0.05708684905821193,1
USOILZ25.sim,H4,2025-10-22 20:00:00+00:00,58.662,59.81,58.375,59.288,21359,0.01061961987556459,0.010563627773469975,0.7028020760450957,0.01358368027514997,68.61893806991488,57.412099999999995,58.115100000000005,20,2,0.01109836729186342,1,0.034492646066657695,1,0.04155984347591435,1
USOILZ25.sim,H4,2025-10-23 00:00:00+00:00,59.957,60.243,59.65,59.946,5928,0.01109836729186342,0.011037232329878854,0.7208162134704464,0.013775771799477912,73.15095331659815,57.56735,58.08562,0,3,0.008290795048877309,1,0.029626663997597946,1,0.027524772295065558,1
USOILZ25.sim,H4,2025-10-23 04:00:00+00:00,59.945,60.579,59.712,60.443,11151,0.008290795048877309,0.008256615196423844,0.7312579125082715,0.013935936887071575,75.97343184855778,57.728049999999996,58.064440000000005,4,3,0.014724616580910954,1,0.02599142994225967,1,0.01766953989709319,1
USOILZ25.sim,H4,2025-10-23 08:00:00+00:00,60.442,61.337,60.375,61.333,19621,0.014724616580910954,0.014617261968138173,0.7477394901862524,0.014727143073550357,80.02332280877295,57.945899999999995,58.0683,8,3,0.006342425774053195,1,0.006831558867167908,1,0.005559812825069788,1
USOILZ25.sim,H4,2025-10-23 12:00:00+00:00,61.33,62.065,61.104,61.722,22226,0.006342425774053195,0.006322397233449628,0.7629723837443771,0.014626829107126173,81.49177758356021,58.18345000000001,58.088139999999996,12,3,0.0047308901202165465,1,-0.002041411490230516,0,0.0011017141375846418,1
USOILZ25.sim,H4,2025-10-23 16:00:00+00:00,61.719,62.186,61.108,62.014,33474,0.0047308901202165465,0.004719734629317074,0.7854743563340647,0.014382739881000948,82.52990469173443,58.437400000000004,58.11362,16,3,-0.004224852452672012,0,-0.00811107169348857,0,-0.0017737930144805514,0
USOILZ25.sim,H4,2025-10-23 20:00:00+00:00,62.015,62.077,61.47,61.752,12387,-0.004224852452672012,-0.004233802358712069,0.7727261880244886,0.01387380823837746,78.28685802336217,58.69689999999999,58.153059999999996,20,3,-0.0025262339681306756,0,-0.0012631169840653378,0,-0.005279181241093389,0
USOILZ25.sim,H4,2025-10-24 00:00:00+00:00,61.745,61.752,61.458,61.596,1895,-0.0025262339681306756,-0.0025294302813865244,0.738531460308454,0.014257237951138622,75.78837139204526,58.94644999999999,58.20098,0,4,-0.0013799597376451533,0,0.0031495551659199705,1,0.0024352230664330676,1
USOILZ25.sim,H4,2025-10-24 04:00:00+00:00,61.595,61.595,61.221,61.511,6243,-0.0013799597376451533,-0.0013809127589388126,0.7125649274292787,0.014556749355906479,74.3951762408191,59.17605,58.249359999999996,4,4,0.0026499325323925405,1,0.006389101136382136,1,0.003836712132789133,1
USOILZ25.sim,H4,2025-10-24 08:00:00+00:00,61.512,62.112,61.353,61.674,10555,0.0026499325323925405,0.002646427651612271,0.7158817183271874,0.014466369557290658,75.33166502170675,59.4116,58.297,8,4,0.0018808574115509735,1,-0.004021143431591878,0,-0.015857573693939142,0
USOILZ25.sim,H4,2025-10-24 12:00:00+00:00,61.663,62.575,61.601,61.79,13244,0.0018808574115509735,0.0018790908140484675,0.7343187384466743,0.014156581519777854,76.00428468162696,59.6577,58.35216,12,4,0.0018449587311863969,1,-0.0007120893348437907,0,-0.00391649134164096,0
USOILZ25.sim,H4,2025-10-24 16:00:00+00:00,61.78,62.392,61.761,61.904,20524,0.0018449587311863969,0.001843258885268817,0.7269388285576261,0.01419659694301984,76.67732280763049,59.894600000000004,58.43339999999999,16,4,-0.007721633497027702,0,-0.002536185060739271,0,-0.005088524166451336,0
USOILZ25.sim,H4,2025-10-24 20:00:00+00:00,61.903,61.92,61.37,61.426,9726,-0.007721633497027702,-0.00775159966715222,0.7143003408035103,0.01556334767857057,68.05765242038852,60.09355000000001,58.50868,20,4,0.005209520398528289,1,-0.011884218409142777,0,0.0016116953732945305,1
USOILZ25.sim,H4,2025-10-27 00:00:00+00:00,61.824,62.155,61.742,61.746,4215,0.005209520398528289,0.0051959977910049915,0.7153503164604025,0.014908397024624691,70.45236404566033,60.321450000000006,58.57916,0,0,1.6195381077332982e-05,1,-0.003206685453308711,0,-0.010267871603018786,0
USOILZ25.sim,H4,2025-10-27 04:00:00+00:00,61.747,61.776,61.482,61.747,6748,1.6195381077332982e-05,1.6195249933126377e-05,0.6852538652846597,0.014956094050479367,70.4598170998066,60.53035,58.65146000000001,4,0,-0.017021069849547432,0,-0.002558828769009036,0,-0.00945794937405875,0
USOILZ25.sim,H4,2025-10-27 08:00:00+00:00,61.751,61.938,60.696,60.696,11352,-0.017021069849547432,-0.017167593296169237,0.7250214463357558,0.01854710835022282,54.81141632072315,60.69375,58.70174,8,0,0.014037168841439351,1,0.013658231184921599,1,-0.00779293528403846,0
USOILZ25.sim,H4,2025-10-27 12:00:00+00:00,60.7,61.561,60.664,61.548,14343,0.014037168841439351,0.013939560159357711,0.7373056287403446,0.01866441504484208,62.150051579369354,60.86130000000001,58.77125999999999,12,0,0.0006661467472541815,1,-0.007083901995190711,0,-0.021056736205888105,0
USOILZ25.sim,H4,2025-10-27 16:00:00+00:00,61.55,62.022,61.331,61.589,20974,0.0006661467472541815,0.0006659249699954017,0.7339980838303196,0.018662042473200784,62.465945305993124,61.02915,58.8396,16,0,-0.001039146600854024,0,-0.006916819561934795,0,-0.024760915098475333,0
USOILZ25.sim,H4,2025-10-27 20:00:00+00:00,61.587,61.697,61.117,61.525,8519,-0.001039146600854024,-0.001039686888007374,0.7229982206995829,0.018684851619352977,61.60167610099786,61.19575,58.894059999999996,20,0,-0.006712718407151486,0,-0.02116212921576599,0,-0.021958553433563566,0
USOILZ25.sim,H4,2025-10-28 00:00:00+00:00,61.475,61.475,61.093,61.112,1542,-0.006712718407151486,-0.0067353500380606945,0.7022126335067551,0.019116043812654575,56.198090422055756,61.3181,58.95546,0,1,0.0008345333158790158,1,-0.014072522581489721,0,-0.015201597067679096,0
USOILZ25.sim,H4,2025-10-28 04:00:00+00:00,61.113,61.385,61.104,61.163,4700,0.0008345333158790158,0.0008341852865658694,0.6721260168277011,0.018478765308833658,56.70315920837922,61.41185,59.01368,4,1,-0.01536876870003101,0,-0.017968379575887372,0,-0.019129212105357674,0
USOILZ25.sim,H4,2025-10-28 08:00:00+00:00,61.162,61.312,59.922,60.223,14338,-0.01536876870003101,-0.015488092376446438,0.7234027299114368,0.01984233038869865,46.14230332976968,61.42569999999999,59.0521,8,1,0.00048154359630037114,1,-0.0008136426282316922,0,-0.008269265895089917,0
USOILZ25.sim,H4,2025-10-28 12:00:00+00:00,60.23,60.661,60.072,60.252,14604,0.00048154359630037114,0.00048142769139047914,0.7138025349177627,0.019298724875813612,46.473522414041504,61.416149999999995,59.090900000000005,12,1,-0.0031202283741619263,0,-0.0011451902011552217,0,-0.0014107415521477096,0
USOILZ25.sim,H4,2025-10-28 16:00:00+00:00,60.272,60.75,59.755,60.064,25469,-0.0031202283741619263,-0.0031251064364701264,0.7338880681379223,0.017358232092562736,44.56032214733129,61.352700000000006,59.12894,16,1,0.001831379861481075,1,-0.0011820724560468454,0,0.00922349493873198,1
USOILZ25.sim,H4,2025-10-28 20:00:00+00:00,60.063,60.281,59.87,60.174,10350,0.001831379861481075,0.0018297049300270984,0.7108246346994994,0.016925056732916794,45.9620799612922,61.275299999999994,59.17138,20,1,0.00014956625785234046,1,-0.007461694419516718,0,0.0027919034799082088,1
USOILZ25.sim,H4,2025-10-29 00:00:00+00:00,60.222,60.297,60.123,60.183,1353,0.00014956625785234046,0.00014955507393477063,0.6724800179352494,0.01659622105601039,46.08220096460724,61.183749999999996,59.2296,0,2,-0.003157037701676524,0,-0.0002658558064569938,0,0.003240117641194251,1
USOILZ25.sim,H4,2025-10-29 04:00:00+00:00,60.161,60.396,59.943,59.993,4972,-0.003157037701676524,-0.0031620316587117614,0.6568028737970175,0.01655075895092366,43.86534415319084,61.09580000000001,59.29162,4,2,-0.0044671878385811326,0,0.010417882086243502,1,0.002800326704782252,1
USOILZ25.sim,H4,2025-10-29 08:00:00+00:00,59.992,60.513,59.69,59.725,10645,-0.0044671878385811326,-0.004477195537475609,0.6686740970972306,0.016625278446595986,40.878162256554425,61.002250000000004,59.34706,8,2,0.007400586019254973,1,0.010330682293846705,1,0.00656341565508578,1
USOILZ25.sim,H4,2025-10-29 12:00:00+00:00,59.722,60.508,59.71,60.167,11518,0.007400586019254973,0.007373336043810852,0.6779116615902857,0.017328684929371316,47.257465956888,60.935050000000004,59.41482,12,2,0.007495803347349783,1,0.0035069057789154368,1,-0.003490285372380275,0
USOILZ25.sim,H4,2025-10-29 16:00:00+00:00,60.172,61.014,60.048,60.618,19886,0.007495803347349783,0.007467849417966299,0.6984894000481225,0.01785159484598113,52.84812809852769,60.88225000000001,59.500699999999995,16,2,-0.004553103038701378,0,-0.0075390148140815905,0,0.0009238180078523506,1
USOILZ25.sim,H4,2025-10-29 20:00:00+00:00,60.619,60.69,60.275,60.342,14412,-0.004553103038701378,-0.004563499983252228,0.6782401571875423,0.01788775560449353,49.39730471555646,60.80985,59.5644,20,2,0.0005965993835139738,1,-0.0037287461469623917,0,-0.0005800271784163202,0
USOILZ25.sim,H4,2025-10-30 00:00:00+00:00,60.356,60.426,60.122,60.378,2080,0.0005965993835139738,0.0005964214888534158,0.6515087173884323,0.017834039965399673,49.85722187913754,60.733549999999994,59.63514,0,3,-0.0035940243134916505,0,-0.006972738414654289,0,-0.0021034151512140387,0
USOILZ25.sim,H4,2025-10-30 04:00:00+00:00,60.375,60.408,59.974,60.161,8758,-0.0035940243134916505,-0.0036004983353912223,0.6359723804321161,0.01749776194527181,47.07955455905688,60.6703,59.693780000000004,4,3,-0.000731370821628663,0,0.008527118897624586,1,-0.0003158192184304909,0
USOILZ25.sim,H4,2025-10-30 08:00:00+00:00,60.158,60.282,59.837,60.117,11289,-0.000731370821628663,-0.0007316384037441281,0.6223314961155358,0.017127899058682547,46.5136924718254,60.588849999999994,59.7566,8,3,-0.002661476786932071,0,0.0031605036844819523,1,0.0009315168754262526,1
USOILZ25.sim,H4,2025-10-30 12:00:00+00:00,60.116,60.281,59.812,59.957,11560,-0.002661476786932071,-0.0026650248130000165,0.6113792463929977,0.017123971452759117,44.42277943942513,60.49935000000001,59.81632,12,3,0.011958570308721272,1,0.00490351418516588,1,0.01451039911936891,1
USOILZ25.sim,H4,2025-10-30 16:00:00+00:00,59.956,60.702,59.636,60.674,23216,0.011958570308721272,0.011887631597156556,0.6438521573649262,0.0160762926872591,54.330340964722105,60.49825,59.89110000000001,16,3,-0.006048719385568724,0,-0.008768170880443016,0,0.001681115469558625,1
USOILZ25.sim,H4,2025-10-30 20:00:00+00:00,60.673,60.773,60.203,60.307,8445,-0.006048719385568724,-0.006067086993128967,0.6385770032674315,0.014218324405215905,49.46921815881575,60.4362,59.966,20,3,-0.000928582088314811,0,-0.0022219642827532304,0,0.009401893644187309,1
USOILZ25.sim,H4,2025-10-31 00:00:00+00:00,60.226,60.294,60.164,60.251,1219,-0.000928582088314811,-0.0009290134877435463,0.6031786458911864,0.014185456214040982,48.75241982840488,60.369299999999996,60.038920000000005,0,4,-0.0018090986041724433,0,0.00956000730278328,1,0.015003900350201604,1
USOILZ25.sim,H4,2025-10-31 04:00:00+00:00,60.233,60.379,60.097,60.142,3614,-0.0018090986041724433,-0.0018107369993627387,0.5802373140418158,0.014190737333318503,47.31532020257372,60.30015000000001,60.103379999999994,4,4,0.0005154467759636017,1,0.010541717934222428,1,0.02114994512985935,1
USOILZ25.sim,H4,2025-10-31 08:00:00+00:00,60.139,60.513,60.046,60.173,8263,0.0005154467759636017,0.000515313978906029,0.5721489344674002,0.01383873763267613,47.78672232717777,60.25320000000001,60.16758,8,4,0.01086866202449599,1,0.011649743240323751,1,0.013095574427068657,1
USOILZ25.sim,H4,2025-10-31 12:00:00+00:00,60.17,60.881,59.988,60.827,13343,0.01086866202449599,0.010810022622672832,0.5950668677197288,0.015215113988525176,56.60776542837339,60.2364,60.24676,12,4,-0.0008384434543869945,0,0.005392342216449908,1,0.000115080474131668,1
USOILZ25.sim,H4,2025-10-31 16:00:00+00:00,60.815,61.373,60.462,60.776,25710,-0.0008384434543869945,-0.0008387951446957587,0.617633520025462,0.012455114899324927,55.81585928233735,60.26405000000001,60.31896,16,4,0.0016124786099775967,1,0.010497564828221728,1,0.008062393049887984,1
USOILZ25.sim,H4,2025-10-31 20:00:00+00:00,60.775,61.026,60.755,60.874,8170,0.0016124786099775967,0.0016111799621842948,0.5928739828807863,0.012471174619606522,57.05897259130021,60.29515,60.3875,20,4,0.004616092256135573,1,0.0014291815881986025,1,0.0022176955678943067,1
USOILZ25.sim,H4,2025-11-03 00:00:00+00:00,61.418,61.429,61.109,61.155,4585,0.004616092256135573,0.00460547077622131,0.5901686983893015,0.012477710645105758,60.49139643442983,60.349700000000006,60.466840000000005,0,0,0.004235140217480282,1,-0.005248957566838297,0,-0.003809991006459068,0
USOILZ25.sim,H4,2025-11-03 04:00:00+00:00,61.159,61.436,61.097,61.414,3256,0.004235140217480282,0.004226197252066299,0.5722280770757799,0.012602512443321742,63.39567958197716,60.41170000000001,60.54374,4,0,-0.0073761683003875644,0,-0.0024098739701046146,0,-0.00910215911681378,0
USOILZ25.sim,H4,2025-11-03 08:00:00+00:00,61.412,61.488,60.691,60.961,9547,-0.0073761683003875644,-0.007403506748073774,0.5882832144275097,0.013419749152914818,55.685374835358765,60.45060000000001,60.614399999999996,8,0,-0.002083299158478269,0,0.0007873886583225076,1,-0.01368087793835393,0
USOILZ25.sim,H4,2025-11-03 12:00:00+00:00,60.949,61.209,60.574,60.834,10253,-0.002083299158478269,-0.0020854722448211405,0.591620127682688,0.013336068690366484,53.71303486644739,60.49264999999999,60.667139999999996,12,0,0.007101292040635032,1,0.001446559489759025,1,-0.014120393201170423,0
USOILZ25.sim,H4,2025-11-03 16:00:00+00:00,60.841,61.459,60.504,61.266,20201,0.007101292040635032,0.00707619660295844,0.6175758328482107,0.013421864912090253,59.02899759281155,60.5697,60.727819999999994,16,0,-0.004194822576959467,0,-0.0067084516697679675,0,-0.008291711552900427,0
USOILZ25.sim,H4,2025-11-03 20:00:00+00:00,61.265,61.298,60.736,61.009,6868,-0.004194822576959467,-0.004203645527638855,0.6136061305019103,0.013257275417488485,54.9833462900485,60.6118,60.78414,20,0,-0.0014260191119344068,0,-0.014456883410644328,0,-0.010096870953465897,0
USOILZ25.sim,H4,2025-11-04 00:00:00+00:00,61.0,61.01,60.847,60.922,1671,-0.0014260191119344068,-0.001427036844840579,0.5814199783232022,0.012705968804578145,53.64303043020753,60.626999999999995,60.82928,0,1,-0.0010997669150717426,0,-0.01554446669511833,0,-0.013623978201634857,0
USOILZ25.sim,H4,2025-11-04 04:00:00+00:00,60.92,60.939,60.772,60.855,3478,-0.0010997669150717426,-0.0011003721024565039,0.5518185513001165,0.012430248402035162,52.58002133469461,60.65265000000001,60.86062,4,1,-0.01196286254210821,0,-0.001593952838714885,0,-0.0037959083066304578,0
USOILZ25.sim,H4,2025-11-04 08:00:00+00:00,60.858,60.875,60.046,60.127,10020,-0.01196286254210821,-0.012034993420566131,0.5716172262072511,0.014177291480574403,42.68271573244355,60.640100000000004,60.86424,8,1,-0.0025279824371746695,0,0.004423969265055616,1,0.012007916576579403,1
USOILZ25.sim,H4,2025-11-04 12:00:00+00:00,60.117,60.315,59.94,59.975,9555,-0.0025279824371746695,-0.0025311831801957396,0.5575731386210189,0.014108425604341085,40.949541752117185,60.6308,60.85488,12,1,0.013055439766569421,1,0.0019508128386827028,1,0.0036848686952897225,1
USOILZ25.sim,H4,2025-11-04 16:00:00+00:00,59.991,60.866,59.986,60.758,17921,0.013055439766569421,0.012970952067694164,0.5813893430052317,0.015823528941240828,51.80595472219099,60.662850000000006,60.843379999999996,16,1,-0.006007439349550725,0,-0.002205470884492633,0,-0.01682083017874203,0
USOILZ25.sim,H4,2025-11-04 20:00:00+00:00,60.756,60.833,60.298,60.393,8352,-0.006007439349550725,-0.006025556608651783,0.5780758185048578,0.016141682672212544,47.428531413891946,60.68465,60.8168,20,1,-0.004984021326975063,0,0.007550543937211218,1,-0.013163777258953901,0
USOILZ25.sim,H4,2025-11-05 00:00:00+00:00,60.371,60.372,59.993,60.092,3013,-0.004984021326975063,-0.004996482984623185,0.5653561171830821,0.014938994878401914,44.11789163826958,60.655550000000005,60.77836,0,2,0.00885309192571393,1,0.0017306796245757372,1,,0
USOILZ25.sim,H4,2025-11-05 04:00:00+00:00,60.089,60.629,60.076,60.624,4712,0.00885309192571393,0.008814133076067598,0.5644735373842903,0.015398562789471933,50.67175970260895,60.67139999999999,60.7558,4,2,0.003711401425178007,1,-0.014647664291369877,0,,0
USOILZ25.sim,H4,2025-11-05 08:00:00+00:00,60.623,60.965,60.355,60.849,10545,0.003711401425178007,0.0037045311685153237,0.5677254275711272,0.015494219097330668,53.173116995892926,60.7013,60.740860000000005,8,2,-0.010731482850991791,0,-0.020559088892175725,0,,0
USOILZ25.sim,H4,2025-11-05 12:00:00+00:00,60.856,61.05,60.083,60.196,11107,-0.010731482850991791,-0.010789480520288386,0.5962450398874751,0.016653070944654322,45.8987340274865,60.70399999999999,60.71456,12,2,-0.007641703767692243,0,,0,,0
USOILZ25.sim,H4,2025-11-05 16:00:00+00:00,60.175,60.814,59.585,59.736,24853,-0.007641703767692243,-0.007671051191071143,0.6414418227526555,0.01717548862666867,41.583049317150596,60.68215,60.6758,16,2,-0.0023101647247890655,0,,0,,0
USOILZ25.sim,H4,2025-11-05 20:00:00+00:00,59.715,59.817,59.498,59.598,6976,-0.0023101647247890655,-0.002312837272127055,0.618410263984609,0.01593878592114215,40.357093493478466,60.6207,60.63196,20,2,,0,,0,,0
