ts,symbol,tf,price,rsi14,ema50,p_up,signal,source
1763001713.4115715,XAUZ25.sim,H1,4195.48,73.98895687210796,4146.476301690327,,1,rule
1763001713.4115715,US30Z25.sim,H1,48428.5,68.35025646393775,47999.83757748377,0.3807300329208374,-1,xgb
1763001713.4115715,US100Z25.sim,H1,25665.56,45.39510405868757,25634.132735524447,0.44355538487434387,0,xgb
1763001713.4115715,US500Z25.sim,H1,6879.38,47.82710462666785,6863.056531162704,0.6439067125320435,1,xgb
1763001713.4115715,USOILZ25.sim,H1,58.418,16.465578424414275,59.67630030296561,0.4773574471473694,0,xgb
1763001713.4115715,BTCX25.sim,H1,102395.0,25.378787878787875,103577.59615775106,0.7986300587654114,1,xgb
1763001759.590556,US30Z25.sim,H1,48429.35,68.41112682696803,47999.8709108171,0.3807300329208374,-1,xgb
1763002212.3774664,XAUZ25.sim,H1,4194.54,73.47362181387032,4146.43943894523,,1,rule
1763002212.3774664,US30Z25.sim,H1,48441.9,69.25314714905286,48000.36306767985,0.3198947012424469,-1,xgb
1763002212.3774664,US100Z25.sim,H1,25668.31,45.56161715863474,25634.240578661702,0.44355538487434387,0,xgb
1763002212.3774664,US500Z25.sim,H1,6880.8,48.36291913215007,6863.112217437214,0.6147599816322327,1,xgb
1763002212.3774664,USOILZ25.sim,H1,58.385,15.475763016157728,59.67500618531855,0.5009610056877136,0,xgb
1763002212.3774664,BTCX25.sim,H1,102335.0,24.617346938775512,103575.24321657458,0.8277081847190857,1,xgb
1763003069.141521,XAUZ25.sim,H1,4198.18,73.03237303237282,4148.448826501537,,1,rule
1763003069.141521,US30Z25.sim,H1,48422.7,65.49078895794784,48016.48083336429,0.3027804493904114,-1,xgb
1763003069.141521,US100Z25.sim,H1,25642.99,39.721588696668015,25634.178855331033,0.47159650921821594,0,xgb
1763003069.141521,US500Z25.sim,H1,6876.53,41.967704344930986,6863.5585623708685,0.6172397136688232,1,xgb
1763003069.141521,USOILZ25.sim,H1,58.358,12.098581030619613,59.62204135657114,0.47298774123191833,0,xgb
1763003069.141521,BTCX25.sim,H1,102242.5,23.544743701129462,103519.2087867071,0.8686661124229431,1,xgb
1763004239.0289357,XAUZ25.sim,H1,4207.42,74.76375764313482,4148.811179442713,,1,rule
1763004239.0289357,US30Z25.sim,H1,48437.4,66.31573052584389,48017.05730395252,0.2324356734752655,-1,xgb
1763004239.0289357,US100Z25.sim,H1,25645.56,39.864063306862455,25634.27963964476,0.43988606333732605,0,xgb
1763004239.0289357,US500Z25.sim,H1,6877.43,42.284468299228706,6863.5938564885155,0.6335365176200867,1,xgb
1763004239.0289357,USOILZ25.sim,H1,58.351,11.868214152002807,59.621766846767215,0.5043187141418457,0,xgb
1763004239.0289357,BTCX25.sim,H1,101890.0,22.117357406647514,103505.38525729533,0.8653384447097778,1,xgb
1763004574.897585,XAUZ25.sim,H1,4203.04,73.97162104056156,4148.639414736831,,1,rule
1763004574.897585,US30Z25.sim,H1,48467.7,67.42132914477557,48018.245539246636,0.22088654339313507,-1,xgb
1763004574.897585,US100Z25.sim,H1,25677.11,42.148440736955465,25635.51689454672,0.39028725028038025,-1,xgb
1763004574.897585,US500Z25.sim,H1,6884.08,45.23867412270043,6863.854640802241,0.532994270324707,0,xgb
1763004574.897585,USOILZ25.sim,H1,58.36,12.164179104477427,59.62211978794369,0.5324444770812988,0,xgb
1763004574.897585,BTCX25.sim,H1,102250.0,23.64425162689804,103519.50290435416,0.8504233360290527,1,xgb
1763005050.2144282,XAUZ25.sim,H1,4205.92,74.49796376913329,4148.7523559133015,,1,rule
1763005050.2144282,US30Z25.sim,H1,48466.9,67.39307204423451,48018.21416669762,0.22088654339313507,-1,xgb
1763005050.2144282,US100Z25.sim,H1,25680.36,42.40695164372822,25635.64434552711,0.37131595611572266,-1,xgb
1763005050.2144282,US500Z25.sim,H1,6883.93,45.17202207075646,6863.8487584493,0.5232135653495789,0,xgb
1763005050.2144282,USOILZ25.sim,H1,58.337,11.7778606038016,59.62121782715938,0.5238572955131531,0,xgb
1763005050.2144282,BTCX25.sim,H1,102460.0,26.329007953118463,103527.73819847181,0.8231582045555115,1,xgb
1763005144.4704514,XAUZ25.sim,H1,4205.54,74.42973810194283,4148.737453952517,,1,rule
1763005144.4704514,US30Z25.sim,H1,48474.9,67.67345622615113,48018.52789218781,0.21903426945209503,-1,xgb
1763005144.4704514,US100Z25.sim,H1,25679.96,42.37525966075565,25635.6286592526,0.37131595611572266,-1,xgb
1763005144.4704514,US500Z25.sim,H1,6884.18,45.28301886792474,6863.858562370869,0.532994270324707,0,xgb
1763005144.4704514,USOILZ25.sim,H1,58.33,11.747211895910652,59.620943317355454,0.5347273945808411,0,xgb
1763005144.4704514,BTCX25.sim,H1,102500.0,26.819126819126822,103529.30682592279,0.8474984169006348,1,xgb
1763005241.6980834,XAUZ25.sim,H1,4205.62,74.44413171967322,4148.740591207419,,1,rule
1763005241.6980834,US30Z25.sim,H1,48466.1,67.3647658835653,48018.1827941486,0.2163015902042389,-1,xgb
1763005241.6980834,US100Z25.sim,H1,25676.69,42.1148637444031,25635.500423958485,0.39028725028038025,-1,xgb
1763005241.6980834,US500Z25.sim,H1,6883.43,44.948671989571665,6863.829150606162,0.5309500694274902,0,xgb
1763005241.6980834,USOILZ25.sim,H1,58.368,12.425595238095156,59.62243351343388,0.5324444770812988,0,xgb
1763005241.6980834,BTCX25.sim,H1,102620.0,28.25112107623319,103534.01270827572,0.8164364695549011,1,xgb
1763005474.0147429,XAUZ25.sim,H1,4209.66,75.15051997810589,4148.899022579968,,1,rule
1763005474.0147429,US30Z25.sim,H1,48456.0,67.00312688573115,48017.78671571723,0.223716139793396,-1,xgb
1763005474.0147429,US100Z25.sim,H1,25669.79,41.55760805871026,25635.229835723192,0.43703439831733704,0,xgb
1763005474.0147429,US500Z25.sim,H1,6882.13,44.359354413702384,6863.7781702140055,0.5130027532577515,0,xgb
1763005474.0147429,USOILZ25.sim,H1,58.397,13.360323886639478,59.623570768335846,0.5298585891723633,0,xgb
1763005474.0147429,BTCX25.sim,H1,102675.0,28.888888888888886,103536.16957102083,0.8329514861106873,1,xgb
1763005622.157948,XAUZ25.sim,H1,4211.42,75.44618712817714,4148.968042187811,,1,rule
1763005622.157948,US30Z25.sim,H1,48451.6,66.84306267570653,48017.61416669762,0.23286190629005432,-1,xgb
1763005622.157948,US100Z25.sim,H1,25661.99,40.91460490309481,25634.92395337025,0.37313970923423767,-1,xgb
1763005622.157948,US500Z25.sim,H1,6880.68,43.68697391449311,6863.721307468908,0.5156964063644409,0,xgb
1763005622.157948,USOILZ25.sim,H1,58.389,13.104466592838634,59.62325704284565,0.5298585891723633,0,xgb
1763005622.157948,BTCX25.sim,H1,102510.0,26.94063926940639,103529.69898278553,0.8552058339118958,1,xgb
1763005841.660642,XAUZ25.sim,H1,4212.34,75.59795753829592,4149.004120619184,,1,rule
1763005841.660642,US30Z25.sim,H1,48441.4,66.46596420806122,48017.21416669762,0.2324356734752655,-1,xgb
1763005841.660642,US100Z25.sim,H1,25661.55,40.8779110797458,25634.906698468287,0.38448452949523926,-1,xgb
1763005841.660642,US500Z25.sim,H1,6880.18,43.451334839735786,6863.701699625771,0.5156964063644409,0,xgb
1763005841.660642,USOILZ25.sim,H1,58.376,12.685459940652592,59.62274723892408,0.5306109189987183,0,xgb
1763005841.660642,BTCX25.sim,H1,102652.5,28.629359286293592,103535.28721807964,0.8030995726585388,1,xgb
1763006008.0992646,XAUZ25.sim,H1,4211.36,75.43622345461891,4148.965689246635,,1,rule
1763006008.0992646,US30Z25.sim,H1,48439.25,66.38538057449387,48017.129852972124,0.2324356734752655,-1,xgb
1763006008.0992646,US100Z25.sim,H1,25664.74,41.14291334710342,25635.031796507505,0.37313970923423767,-1,xgb
1763006008.0992646,US500Z25.sim,H1,6880.58,43.64000333639176,6863.7173859002805,0.5156964063644409,0,xgb
1763006008.0992646,USOILZ25.sim,H1,58.361,12.19694143976102,59.62215900362996,0.5550594329833984,0,xgb
1763006008.0992646,BTCX25.sim,H1,102445.0,26.143516575744854,103527.14996317768,0.8244916200637817,1,xgb
1763006399.3801186,XAUZ25.sim,H1,4216.48,77.96180045412011,4151.8092163761985,,1,rule
1763006399.3801186,US100Z25.sim,H1,25674.31,41.265879581592486,25636.930123227852,0.4177705943584442,0,xgb
1763006399.3801186,US500Z25.sim,H1,6882.78,44.942708762674016,6864.54785022012,0.5003877878189087,0,xgb
1763006399.3801186,USOILZ25.sim,H1,58.456,17.787866281469178,59.58034441518522,0.4275127947330475,0,xgb
1763006399.3801186,BTCX25.sim,H1,102325.0,24.13793103448276,103475.29783646516,0.8491500616073608,1,xgb
1763006429.4864464,US30Z25.sim,H1,48448.7,66.97746697746649,48034.39904379571,0.2242238074541092,-1,xgb
1763010008.8892183,XAUZ25.sim,H1,4213.98,74.80172533741455,4154.125962281735,,1,rule
1763010008.8892183,US30Z25.sim,H1,48473.65,46.208509489970275,48052.62122886272,0.19536185264587402,-1,xgb
1763010008.8892183,US100Z25.sim,H1,25686.26,58.99108084779888,25639.363868343175,0.2808856666088104,-1,xgb
1763010008.8892183,US500Z25.sim,H1,6885.85,52.83415615286189,6865.506439702706,0.441386878490448,0,xgb
1763010008.8892183,USOILZ25.sim,H1,58.385,27.6893698281348,59.53064375670469,0.521173357963562,0,xgb
1763010008.8892183,BTCX25.sim,H1,102275.0,29.693877551020407,103430.30160664255,0.8357078433036804,1,xgb
1763013618.4107912,XAUZ25.sim,H1,4214.76,63.40787650900456,4156.561863782517,,1,rule
1763013618.4107912,US30Z25.sim,H1,48478.9,57.71232421658729,48069.46059170957,0.16621701419353485,-1,xgb
1763013618.4107912,US100Z25.sim,H1,25695.76,64.21859746176371,25641.91470542593,0.20649674534797668,-1,xgb
1763013618.4107912,US500Z25.sim,H1,6887.63,61.0865315361662,6866.435467349527,0.2388285994529724,-1,xgb
1763013618.4107912,USOILZ25.sim,H1,58.368,31.16413593637013,59.48456071025808,0.5032143592834473,0,xgb
1763013618.4107912,BTCX25.sim,H1,103410.0,63.75881975625401,103470.19934704421,0.485420286655426,0,xgb
1763017228.124677,XAUZ25.sim,H1,4214.66,56.869083352574194,4158.82589590725,,1,rule
1763017228.124677,US30Z25.sim,H1,48482.9,66.34904714142404,48085.65708760551,0.16647937893867493,-1,xgb
1763017228.124677,US100Z25.sim,H1,25713.61,68.89714993804196,25645.265084204995,0.22147658467292786,-1,xgb
1763017228.124677,US500Z25.sim,H1,6890.23,66.20019228714867,6867.440184740314,0.27270713448524475,-1,xgb
1763017228.124677,USOILZ25.sim,H1,58.425,44.88330341113088,59.44575901750742,0.6524211764335632,1,xgb
1763017228.124677,BTCX25.sim,H1,103852.5,80.92605390463027,103500.54778539522,0.3412419557571411,-1,xgb
1763020807.706986,XAUZ25.sim,H1,4223.54,59.5258255715494,4161.731376581115,,1,rule
1763020807.706986,US30Z25.sim,H1,48450.2,51.98049068873693,48098.907252011486,0.3265942931175232,-1,xgb
1763020807.706986,US100Z25.sim,H1,25660.36,55.842151675484935,25644.027837385336,0.2411910444498062,-1,xgb
1763020807.706986,US500Z25.sim,H1,6881.85,51.83733463988242,6867.717783491246,0.5468838214874268,0,xgb
1763020807.706986,USOILZ25.sim,H1,58.356,41.27257093723151,59.40121415980067,0.7503874897956848,1,xgb
1763020807.706986,BTCX25.sim,H1,103750.0,76.66422823701537,103504.95849858518,0.32822084426879883,-1,xgb
1763025748.812121,XAUZ25.sim,H1,4240.56,63.41558950254606,4165.340982587774,,1,rule
1763025748.812121,US30Z25.sim,H1,48379.65,44.56956956956936,48110.18779632003,0.32787394523620605,-1,xgb
1763025748.812121,US100Z25.sim,H1,25572.56,46.5324224757682,25641.812260227274,0.5777609944343567,0,xgb
1763025748.812121,US500Z25.sim,H1,6865.93,43.62740166985196,6867.715483975475,0.5678377747535706,0,xgb
1763025748.812121,USOILZ25.sim,H1,58.234,44.94382022471926,59.35272261522484,0.7148759961128235,1,xgb
1763025748.812121,BTCX25.sim,H1,103115.0,66.82606096832038,103496.25603766741,0.4126735329627991,0,xgb
1763028005.204767,XAUZ25.sim,H1,4237.98,69.53701632744308,4168.088578702296,,1,rule
1763028005.204767,US30Z25.sim,H1,48370.95,49.403606102634825,48120.170787038034,0.24912841618061066,-1,xgb
1763028005.204767,US100Z25.sim,H1,25561.74,48.38049905172751,25638.415434322986,0.3873167037963867,-1,xgb
1763028005.204767,US500Z25.sim,H1,6864.58,46.866220012967204,6867.569953506755,0.6104682683944702,1,xgb
1763028005.204767,USOILZ25.sim,H1,58.348,50.65176908752308,59.317165552659546,0.6145514249801636,1,xgb
1763028005.204767,BTCX25.sim,H1,103042.5,69.69508400746733,103475.54309407268,0.4922041594982147,0,xgb
1763031614.655265,XAUZ25.sim,H1,4231.42,65.86738949124265,4170.283537056415,,1,rule
1763031614.655265,US30Z25.sim,H1,48384.0,51.96659482758599,48131.15938653481,0.2757926285266876,-1,xgb
1763031614.655265,US100Z25.sim,H1,25591.99,46.97268052077176,25637.875869408785,0.3183291554450989,-1,xgb
1763031614.655265,US500Z25.sim,H1,6869.33,46.44182492905445,6867.84243220097,0.6054246425628662,1,xgb
1763031614.655265,USOILZ25.sim,H1,58.712,60.19485038274196,59.30873128501237,0.6455236673355103,1,xgb
1763031614.655265,BTCX25.sim,H1,103220.0,69.05972045743329,103472.21059014768,0.41518378257751465,0,xgb
1763035223.9836135,XAUZ25.sim,H1,4235.38,67.2075320512817,4172.959090992246,,1,rule
1763035223.9836135,US30Z25.sim,H1,48339.65,43.85323414449633,48137.67353785306,0.43907395005226135,0,xgb
1763035223.9836135,US100Z25.sim,H1,25589.94,46.60887788150102,25635.887404569,0.3484991192817688,-1,xgb
1763035223.9836135,US500Z25.sim,H1,6867.43,46.73306336872085,6867.748978992388,0.455562025308609,0,xgb
1763035223.9836135,USOILZ25.sim,H1,58.836,63.066202090592185,59.29464215947458,0.5442898869514465,0,xgb
1763035223.9836135,BTCX25.sim,H1,103390.0,66.96258719086873,103465.7832642585,0.4614083170890808,0,xgb
1763047944.3294334,XAUZ25.sim,H1,4198.83,50.82415436294026,4177.6932381888455,,0,rule
1763047944.3294334,US30Z25.sim,H1,48219.05,18.582184969456463,48148.617079961485,0.7757488489151001,1,xgb
1763047944.3294334,US100Z25.sim,H1,25367.24,18.336409692494655,25610.407688225252,0.39829766750335693,-1,xgb
1763047944.3294334,US500Z25.sim,H1,6828.75,18.732314657610615,6864.097067359185,0.6689623594284058,1,xgb
1763047944.3294334,USOILZ25.sim,H1,59.082,76.24671916010475,59.26938910334912,0.2871979773044586,-1,xgb
1763047944.3294334,BTCX25.sim,H1,102267.5,50.63291139240506,103367.16479898011,0.7109091281890869,1,xgb
1763049629.4704201,XAUZ25.sim,H1,4207.63,55.14555765595447,4179.164522522149,,1,rule
1763049629.4704201,US30Z25.sim,H1,48020.6,12.104386451971322,48136.483375691,0.7033556699752808,1,xgb
1763049629.4704201,US100Z25.sim,H1,25264.01,16.940239579307445,25592.65350161518,0.3536534607410431,-1,xgb
1763049629.4704201,US500Z25.sim,H1,6806.65,16.394513389939803,6860.973175164871,0.7345426678657532,1,xgb
1763049629.4704201,USOILZ25.sim,H1,58.817,65.15249837767655,59.24102174390434,0.3550355136394501,-1,xgb
1763049629.4704201,BTCX25.sim,H1,101562.5,44.609218436873746,103269.07859386699,0.7571991682052612,1,xgb
1763053209.3028736,XAUZ25.sim,H1,4211.82,47.91922739244922,4180.560859513366,,0,rule
1763053209.3028736,US30Z25.sim,H1,47920.45,8.062594328380897,48124.10049398295,0.6763272881507874,1,xgb
1763053209.3028736,US100Z25.sim,H1,25200.11,13.253142777424259,25574.520587628867,0.3828865587711334,-1,xgb
1763053209.3028736,US500Z25.sim,H1,6794.28,11.971467858369579,6857.835939203753,0.7130663990974426,1,xgb
1763053209.3028736,USOILZ25.sim,H1,58.935,64.00476758045266,59.23599089460298,0.46816956996917725,0,xgb
1763053209.3028736,BTCX25.sim,H1,100722.5,38.51132686084142,103138.41446446201,0.7763402462005615,1,xgb
1763056818.6154919,XAUZ25.sim,H1,4205.17,46.48291452917132,4181.318741435435,,0,rule
1763056818.6154919,US30Z25.sim,H1,47848.3,3.7140958428710604,48110.385363824746,0.6348155736923218,1,xgb
1763056818.6154919,US100Z25.sim,H1,25134.16,9.318395671606353,25554.79314844201,0.4182526767253876,0,xgb
1763056818.6154919,US500Z25.sim,H1,6782.7,7.854171764128978,6854.436180046279,0.7379285097122192,1,xgb
1763056818.6154919,USOILZ25.sim,H1,58.814,62.62390670553918,59.2154475370043,0.41573694348335266,0,xgb
1763056818.6154919,BTCX25.sim,H1,99692.5,33.03881350583781,102965.13333923626,0.8278069496154785,1,xgb
1763062806.7744253,XAUZ25.sim,H1,4171.82,36.89262147570455,4179.301557428916,,-1,rule
1763062806.7744253,US30Z25.sim,H1,47656.65,2.1692226952007303,48087.625945310814,0.7116925120353699,1,xgb
1763062806.7744253,US100Z25.sim,H1,25095.84,10.803776940782669,25534.33659995846,0.35102251172065735,-1,xgb
1763062806.7744253,US500Z25.sim,H1,6766.58,5.6818181818176186,6850.4238007869035,0.7639461159706116,1,xgb
1763062806.7744253,USOILZ25.sim,H1,58.707,58.58534085084561,59.1888768278,0.40775957703590393,0,xgb
1763062806.7744253,BTCX25.sim,H1,98680.0,21.05263157894737,102756.77133080491,0.9433923363685608,1,xgb
1763064010.6853855,XAUZ25.sim,H1,4168.33,35.79317578823948,4178.721294043262,,-1,rule
1763064010.6853855,US30Z25.sim,H1,47590.15,1.8484388551607651,48065.9737617008,0.7774516940116882,1,xgb
1763064010.6853855,US100Z25.sim,H1,25045.64,5.478570854217139,25513.52449306092,0.4448297321796417,0,xgb
1763064010.6853855,US500Z25.sim,H1,6756.25,3.9397290572290586,6846.394310845268,0.745257556438446,1,xgb
1763064010.6853855,USOILZ25.sim,H1,58.74,57.806788511749225,59.17206505522019,0.4538448750972748,0,xgb
1763064010.6853855,BTCX25.sim,H1,98577.5,16.12798965740143,102593.25260050352,0.9247823357582092,1,xgb
1763067619.7831304,XAUZ25.sim,H1,4168.08,31.440242456186397,4178.290741839305,,-1,rule
1763067619.7831304,US30Z25.sim,H1,47569.8,3.26735286355283,48045.22573349173,0.7555025815963745,1,xgb
1763067619.7831304,US100Z25.sim,H1,25112.76,13.441273035373356,25499.790358410333,0.3384007513523102,-1,xgb
1763067619.7831304,US500Z25.sim,H1,6764.6,8.827634333565726,6843.391317853822,0.6513601541519165,1,xgb
1763067619.7831304,USOILZ25.sim,H1,58.599,55.57788944723597,59.143865629994515,0.4091545641422272,0,xgb
1763067619.7831304,BTCX25.sim,H1,98130.0,15.448916408668723,102402.11339723942,0.9435786008834839,1,xgb
1763074868.6889162,XAUZ25.sim,H1,4175.31,28.789434065558012,4178.428601299277,,-1,rule
1763074868.6889162,US30Z25.sim,H1,47602.65,6.294421434780645,48028.382095596804,0.8095932006835938,1,xgb
1763074868.6889162,US100Z25.sim,H1,25115.66,14.312466559657793,25483.470947831855,0.22821839153766632,-1,xgb
1763074868.6889162,US500Z25.sim,H1,6767.58,10.355898626955337,6840.286439328404,0.6627051830291748,1,xgb
1763074868.6889162,USOILZ25.sim,H1,58.712,60.6467661691542,59.126702545714494,0.4076583683490753,0,xgb
1763074868.6889162,BTCX25.sim,H1,99670.0,27.27029914529915,102320.77808566681,0.7929567098617554,1,xgb
1763081216.0918393,XAUZ25.sim,H1,4187.27,34.20707732634335,4179.277241569694,,0,rule
1763081216.0918393,US30Z25.sim,H1,47627.15,9.372106954201683,48012.737884670365,0.8209983110427856,1,xgb
1763081216.0918393,US100Z25.sim,H1,25127.29,18.062091170000727,25469.147005229544,0.2667871415615082,-1,xgb
1763081216.0918393,US500Z25.sim,H1,6770.08,13.52531209313004,6837.493679628144,0.7054208517074585,1,xgb
1763081216.0918393,USOILZ25.sim,H1,59.075,65.91986212839285,59.134131715770586,0.2563462555408478,-1,xgb
1763081216.0918393,BTCX25.sim,H1,99182.5,27.66512166859792,102191.49127176456,0.9371264576911926,1,xgb
1763082028.3809907,XAUZ25.sim,H1,4183.22,34.97320061255745,4179.414959432818,,0,rule
1763082028.3809907,US30Z25.sim,H1,47618.4,7.329784874694923,47997.07972816517,0.7887007594108582,1,xgb
1763082028.3809907,US100Z25.sim,H1,25109.19,12.068293443517703,25454.17940627965,0.3058394193649292,-1,xgb
1763082028.3809907,US500Z25.sim,H1,6766.85,7.97130980520059,6834.593339865387,0.7210743427276611,1,xgb
1763082028.3809907,USOILZ25.sim,H1,59.151,60.030318342597276,59.13449078240923,0.3705296516418457,-1,xgb
1763082028.3809907,BTCX25.sim,H1,98772.5,24.894157493649445,102050.15952827001,0.9239774346351624,1,xgb
1763085607.4909377,XAUZ25.sim,H1,4192.98,36.54144074360923,4180.310151292371,,0,rule
1763085607.4909377,US30Z25.sim,H1,47622.0,8.334300638420913,47982.2914712754,0.7387744188308716,1,xgb
1763085607.4909377,US100Z25.sim,H1,25122.44,13.989845208883239,25441.438245202968,0.31553930044174194,-1,xgb
1763085607.4909377,US500Z25.sim,H1,6769.48,10.12069809166519,6832.095626456177,0.6941722631454468,1,xgb
1763085607.4909377,USOILZ25.sim,H1,60.227,73.44746559248051,59.217537983302776,0.3161427080631256,-1,xgb
1763085607.4909377,BTCX25.sim,H1,99310.0,28.450704225352112,101961.82648273153,0.8957281708717346,1,xgb
1763089216.9063838,XAUZ25.sim,H1,4209.0,38.086597422099864,4182.0627987152,,0,rule
1763089216.9063838,US30Z25.sim,H1,47601.9,7.721060623758746,47966.67142262277,0.7561983466148376,1,xgb
1763089216.9063838,US100Z25.sim,H1,25134.56,15.699184259570913,25429.773849751764,0.29163309931755066,-1,xgb
1763089216.9063838,US500Z25.sim,H1,6770.88,11.29929635084305,6829.742114175482,0.6721552014350891,1,xgb
1763089216.9063838,USOILZ25.sim,H1,59.911,65.6338028169013,59.233993940624224,0.43268656730651855,0,xgb
1763089216.9063838,BTCX25.sim,H1,99697.5,29.600886917960082,101887.43812461787,0.8942683339118958,1,xgb
1763092826.2598782,XAUZ25.sim,H1,4208.03,40.57320213960236,4183.023148148767,,0,rule
1763092826.2598782,US30Z25.sim,H1,47586.15,8.524689488033829,47950.99549406757,0.6565681099891663,1,xgb
1763092826.2598782,US100Z25.sim,H1,25112.94,17.658168083097323,25416.374297851515,0.3060702979564667,-1,xgb
1763092826.2598782,US500Z25.sim,H1,6767.2,12.930882092982202,6827.11428359147,0.6598672270774841,1,xgb
1763092826.2598782,USOILZ25.sim,H1,59.608,57.792402034100945,59.23686746146286,0.4344959259033203,0,xgb
1763092826.2598782,BTCX25.sim,H1,99232.5,31.105324074074076,101764.95478460354,0.8988516926765442,1,xgb
1763096404.8764966,XAUZ25.sim,H1,4206.16,52.77152260523111,4183.857642160552,,0,rule
1763096404.8764966,US30Z25.sim,H1,47552.15,8.661898649061527,47933.89438475867,0.6536652445793152,1,xgb
1763096404.8764966,US100Z25.sim,H1,25036.99,18.8053056979698,25398.53674059677,0.32621318101882935,-1,xgb
1763096404.8764966,US500Z25.sim,H1,6754.18,13.838296232052159,6823.737157259008,0.6960265636444092,1,xgb
1763096404.8764966,USOILZ25.sim,H1,59.549,58.77139364303169,59.246846805714526,0.4087727963924408,0,xgb
1763096404.8764966,BTCX25.sim,H1,97897.5,22.63045793397231,101564.21471948888,0.9185925126075745,1,xgb
1763100014.1670094,XAUZ25.sim,H1,4191.1,43.67303953337657,4183.642002281086,,0,rule
1763100014.1670094,US30Z25.sim,H1,47554.55,12.672630257376085,47919.39115089098,0.7367841005325317,1,xgb
1763100014.1670094,US100Z25.sim,H1,25089.96,33.27577899132666,25388.796981852345,0.5044393539428711,0,xgb
1763100014.1670094,US500Z25.sim,H1,6761.98,26.113604027580323,6821.67324506183,0.7804917097091675,1,xgb
1763100014.1670094,USOILZ25.sim,H1,59.595,62.488218661639905,59.26298682886587,0.4356931746006012,0,xgb
1763100014.1670094,BTCX25.sim,H1,97600.0,25.93835825450107,101399.23949242044,0.9130619764328003,1,xgb
1763103623.5849853,XAUZ25.sim,H1,4176.38,37.21120882396794,4182.848429335166,,-1,rule
1763103623.5849853,US30Z25.sim,H1,47526.4,14.631273781482108,47903.37121408645,0.7674031853675842,1,xgb
1763103623.5849853,US100Z25.sim,H1,25058.15,35.6706267217632,25374.987937452843,0.5209538340568542,0,xgb
1763103623.5849853,US500Z25.sim,H1,6755.4,28.031015037594102,6818.899086295261,0.7263702750205994,1,xgb
1763103623.5849853,USOILZ25.sim,H1,59.475,57.62657207352462,59.267570224804054,0.44784972071647644,0,xgb
1763103623.5849853,BTCX25.sim,H1,97477.5,28.26737612238111,101246.01399060032,0.8937493562698364,1,xgb
1763107202.9014187,XAUZ25.sim,H1,4183.94,41.7477876106194,4183.188825444857,,0,rule
1763107202.9014187,US30Z25.sim,H1,47474.9,15.232974910394304,47884.84466925961,0.7087637782096863,1,xgb
1763107202.9014187,US100Z25.sim,H1,24995.8,35.22336039444042,25357.86280618445,0.6133700013160706,1,xgb
1763107202.9014187,US500Z25.sim,H1,6744.78,28.007982157530435,6815.607386522057,0.7761019468307495,1,xgb
1763107202.9014187,USOILZ25.sim,H1,59.623,63.08503625576789,59.286629438051214,0.2919769585132599,-1,xgb
1763107202.9014187,BTCX25.sim,H1,97232.5,31.600445599702937,101079.29651632198,0.8767368793487549,1,xgb
1763110812.8870828,XAUZ25.sim,H1,4178.37,58.74234720348629,4182.807101713226,,0,rule
1763110812.8870828,US30Z25.sim,H1,47511.55,26.493863975226702,47871.73172275772,0.6512448191642761,1,xgb
1763110812.8870828,US100Z25.sim,H1,24979.5,39.37845993014811,25342.522113110055,0.6410028338432312,1,xgb
1763110812.8870828,US500Z25.sim,H1,6743.83,33.35197092535685,6812.781302845021,0.7952495813369751,1,xgb
1763110812.8870828,USOILZ25.sim,H1,59.363,61.548263778273345,59.27869594275919,0.38212957978248596,-1,xgb
1763110812.8870828,BTCX25.sim,H1,97470.0,40.2536997885835,100947.27050530002,0.7407551407814026,1,xgb
1763114422.7692754,XAUZ25.sim,H1,4171.28,51.77064031295017,4182.1052953195485,,0,rule
1763114422.7692754,US30Z25.sim,H1,47449.15,30.26729559748439,47852.84501686594,0.7514894008636475,1,xgb
1763114422.7692754,US100Z25.sim,H1,24935.85,37.017018805556724,25325.05468494499,0.6294767260551453,1,xgb
1763114422.7692754,US500Z25.sim,H1,6737.48,35.14508764177367,6809.60488542045,0.7769354581832886,1,xgb
1763114422.7692754,USOILZ25.sim,H1,59.822,65.4694570135747,59.31782440103292,0.39847972989082336,-1,xgb
1763114422.7692754,BTCX25.sim,H1,96952.5,36.40985529917873,100770.550321444,0.7953563332557678,1,xgb
1763118001.8300633,XAUZ25.sim,H1,4171.06,51.57432017992272,4181.652688975568,,0,rule
1763118001.8300633,US30Z25.sim,H1,47439.35,33.23262839879126,47836.31290168974,0.7502356171607971,1,xgb
1763118001.8300633,US100Z25.sim,H1,24941.05,30.49606670471759,25310.244364959002,0.6212207078933716,1,xgb
1763118001.8300633,US500Z25.sim,H1,6738.23,31.796304921595933,6806.846186182722,0.6639730930328369,1,xgb
1763118001.8300633,USOILZ25.sim,H1,60.32,72.26221079691516,59.37634150219243,0.41934603452682495,0,xgb
1763118001.8300633,BTCX25.sim,H1,96832.5,38.91459823306688,100612.53813505857,0.7756707668304443,1,xgb
1763121611.0537877,XAUZ25.sim,H1,4134.03,33.982259204019044,4178.443778608826,,-1,rule
1763121611.0537877,US30Z25.sim,H1,47300.9,19.19302071973827,47810.2588345195,0.7650015950202942,1,xgb
1763121611.0537877,US100Z25.sim,H1,24824.76,24.555409023698488,25286.915862382113,0.5181374549865723,0,xgb
1763121611.0537877,US500Z25.sim,H1,6713.63,23.15956123487527,6802.289050919514,0.8017974495887756,1,xgb
1763121611.0537877,USOILZ25.sim,H1,59.526,59.97007907672581,59.35282213429887,0.4890165328979492,0,xgb
1763121611.0537877,BTCX25.sim,H1,96262.5,28.174433518597695,100421.97713732517,0.9383001327514648,1,xgb
1763125220.7929118,XAUZ25.sim,H1,4118.32,22.846991581061147,4175.490990411399,,-1,rule
1763125220.7929118,US30Z25.sim,H1,47275.05,14.637805400771981,47788.223061605924,0.7383012175559998,1,xgb
1763125220.7929118,US100Z25.sim,H1,24724.94,17.062045372082167,25261.01761908385,0.47164228558540344,0,xgb
1763125220.7929118,US500Z25.sim,H1,6695.03,14.847590953786536,6797.3801441330415,0.6799746155738831,1,xgb
1763125220.7929118,USOILZ25.sim,H1,59.569,56.87698592827964,59.360280985712585,0.35801535844802856,-1,xgb
1763125220.7929118,BTCX25.sim,H1,95432.5,15.991649269311054,100195.41641674409,0.9462679028511047,1,xgb
1763128800.9345326,XAUZ25.sim,H1,4054.32,15.404699738903432,4168.412367619771,,-1,rule
1763128800.9345326,US30Z25.sim,H1,47227.15,10.168465651165405,47764.3776193422,0.6183918118476868,1,xgb
1763128800.9345326,US100Z25.sim,H1,24716.81,16.683845255274207,25239.332459321464,0.47811800241470337,0,xgb
1763128800.9345326,US500Z25.sim,H1,6692.05,14.424728105323965,6793.130835249895,0.7682656645774841,1,xgb
1763128800.9345326,USOILZ25.sim,H1,59.705,57.0481661511268,59.380583323816516,0.5016160011291504,0,xgb
1763128800.9345326,BTCX25.sim,H1,95277.5,17.073170731707307,99996.53549202616,0.9361749887466431,1,xgb
1763132410.7680213,XAUZ25.sim,H1,4081.46,23.76848450598108,4166.104614085132,,-1,rule
1763132410.7680213,US30Z25.sim,H1,47050.4,7.431924176320308,47730.817548858104,0.7045940160751343,1,xgb
1763132410.7680213,US100Z25.sim,H1,24939.96,39.20284087430339,25236.4332859069,0.6349703669548035,1,xgb
1763132410.7680213,US500Z25.sim,H1,6721.58,33.213644524237196,6791.561898184676,0.7041293382644653,1,xgb
1763132410.7680213,USOILZ25.sim,H1,59.996,46.92861095738792,59.41635622905861,0.47685468196868896,0,xgb
1763132410.7680213,BTCX25.sim,H1,96590.0,29.955290611028317,99913.3370915982,0.9221012592315674,1,xgb
1763136019.700785,XAUZ25.sim,H1,4096.06,22.424006992327833,4163.882328293342,,-1,rule
1763136019.700785,US30Z25.sim,H1,47244.35,27.203454406908648,47718.489937461505,0.694316029548645,1,xgb
1763136019.700785,US100Z25.sim,H1,25158.14,51.2993533357433,25240.950675107382,0.4938482940196991,0,xgb
1763136019.700785,US500Z25.sim,H1,6763.68,47.95474325500459,6791.934139674141,0.5751981735229492,0,xgb
1763136019.700785,USOILZ25.sim,H1,60.243,54.238242748521586,59.4581170677505,0.42776405811309814,0,xgb
1763136019.700785,BTCX25.sim,H1,96897.5,28.680396643783368,99806.46362660505,0.9247104525566101,1,xgb
1763139628.7785947,XAUZ25.sim,H1,4106.62,26.596732268845074,4162.055692699997,,-1,rule
1763139628.7785947,US30Z25.sim,H1,47390.6,39.6258134490237,47711.327483684305,0.7655528783798218,1,xgb
1763139628.7785947,US100Z25.sim,H1,25245.01,56.420013563408915,25244.43032842591,0.5208709836006165,0,xgb
1763139628.7785947,US500Z25.sim,H1,6785.08,54.95296652477799,6792.491330244833,0.5631825923919678,0,xgb
1763139628.7785947,USOILZ25.sim,H1,60.111,57.68194070080862,59.4794638248175,0.5806371569633484,0,xgb
1763139628.7785947,BTCX25.sim,H1,97170.0,33.92434988179669,99711.2724219691,0.8778106570243835,1,xgb
1763143208.2620037,XAUZ25.sim,H1,4101.5,26.15791393143678,4159.485052675606,,-1,rule
1763143208.2620037,US30Z25.sim,H1,47367.55,40.12410081818685,47697.38821784033,0.7725510597229004,1,xgb
1763143208.2620037,US100Z25.sim,H1,25195.31,57.75832144096898,25240.88417080239,0.489973783493042,0,xgb
1763143208.2620037,US500Z25.sim,H1,6777.43,56.46633187537136,6791.670899024975,0.5200318694114685,0,xgb
1763143208.2620037,USOILZ25.sim,H1,60.172,59.42028985507245,59.50884607272201,0.5507888793945312,0,xgb
1763143208.2620037,BTCX25.sim,H1,95900.0,33.69477911646587,99516.22017132373,0.8851281404495239,1,xgb
1763146817.5704694,XAUZ25.sim,H1,4100.53,27.794605509880085,4157.117296721763,,-1,rule
1763146817.5704694,US30Z25.sim,H1,47356.55,39.1004561366288,47682.93301237768,0.777441143989563,1,xgb
1763146817.5704694,US100Z25.sim,H1,25177.44,53.88092767044543,25237.48951027088,0.5324918031692505,0,xgb
1763146817.5704694,US500Z25.sim,H1,6772.78,52.48308229644164,6790.687090666411,0.5152153372764587,0,xgb
1763146817.5704694,USOILZ25.sim,H1,60.067,56.67848699763593,59.526061014174914,0.4507487416267395,0,xgb
1763146817.5704694,BTCX25.sim,H1,95232.5,32.25450533284295,99319.49996980994,0.8821625709533691,1,xgb
1763150427.0788422,XAUZ25.sim,H1,4093.56,29.202138190457177,4154.298212197386,,-1,rule
1763150427.0788422,US30Z25.sim,H1,47381.45,41.71811513904253,47672.11531195029,0.5746909976005554,0,xgb
1763150427.0788422,US100Z25.sim,H1,25231.21,57.990408189179504,25239.077954513523,0.5194696187973022,0,xgb
1763150427.0788422,US500Z25.sim,H1,6785.2,57.36094236965812,6790.919077000286,0.4417211413383484,0,xgb
1763150427.0788422,USOILZ25.sim,H1,60.038,58.30778663396683,59.54553391945895,0.5497900247573853,0,xgb
1763150427.0788422,BTCX25.sim,H1,95870.0,38.21742066171506,99208.14256239797,0.8796560168266296,1,xgb
1763154006.1666813,XAUZ25.sim,H1,4087.42,25.552751135790132,4151.492377259872,,-1,rule
1763154006.1666813,US30Z25.sim,H1,47234.95,38.14532471292071,47649.70793023773,0.8322204947471619,1,xgb
1763154006.1666813,US100Z25.sim,H1,25097.69,54.61048178351748,25228.742662605076,0.5675574541091919,0,xgb
1763154006.1666813,US500Z25.sim,H1,6756.1,52.66133749268863,6788.529927345944,0.6339171528816223,1,xgb
1763154006.1666813,USOILZ25.sim,H1,59.872,53.9319072009642,59.551970346282246,0.38772323727607727,-1,xgb
1763154006.1666813,BTCX25.sim,H1,94362.5,33.176884716925784,98963.2909883807,0.8900011777877808,1,xgb
1763346431.1966574,XAUZ25.sim,H1,4088.38,37.42118200277878,4142.417569051494,,-1,rule
1763346431.1966574,US30Z25.sim,H1,47213.75,45.05065828682899,47586.82557451156,0.2612376809120178,-1,xgb
1763346431.1966574,US100Z25.sim,H1,25220.61,68.29792379818451,25226.515252502162,0.3899180591106415,-1,xgb
1763346431.1966574,US500Z25.sim,H1,6774.28,65.14952515659711,6786.322187015892,0.42894935607910156,0,xgb
1763346431.1966574,BTCX25.sim,H1,95170.0,44.603288062902074,98393.31199533227,0.7677440643310547,1,xgb
1763348416.8797138,XAUZ25.sim,H1,4078.18,38.879635798356745,4139.6836083415255,,-1,rule
1763348416.8797138,US30Z25.sim,H1,47249.4,48.723197931257566,47574.966733339126,0.2258446216583252,-1,xgb
1763348416.8797138,US100Z25.sim,H1,25248.28,76.28141707889884,25228.46459013299,0.3619605600833893,-1,xgb
1763348416.8797138,US500Z25.sim,H1,6780.38,73.06362752511623,6786.326560988242,0.3562127649784088,-1,xgb
1763348416.8797138,BTCX25.sim,H1,95017.5,47.7584388185654,98254.99418202369,0.8094971179962158,1,xgb
1763352026.2106519,XAUZ25.sim,H1,4084.54,62.08117443868724,4137.74041338703,,0,rule
1763352026.2106519,US30Z25.sim,H1,47262.9,52.05755556799727,47563.120671516524,0.20777803659439087,-1,xgb
1763352026.2106519,US100Z25.sim,H1,25265.19,77.24450527652158,25230.476029386653,0.3240543007850647,-1,xgb
1763352026.2106519,US500Z25.sim,H1,6784.13,74.8799827390904,6786.366644786472,0.34697407484054565,-1,xgb
1763352026.2106519,BTCX25.sim,H1,95597.5,51.64307381193124,98171.31227493325,0.7717675566673279,1,xgb
1763355604.309162,XAUZ25.sim,H1,4079.22,47.662044501773465,4135.257789144738,,0,rule
1763355604.309162,US30Z25.sim,H1,47273.15,62.79238800052819,47552.13554570279,0.15462344884872437,-1,xgb
1763355604.309162,US100Z25.sim,H1,25272.69,70.562931288328,25232.432909105693,0.32005971670150757,-1,xgb
1763355604.309162,US500Z25.sim,H1,6785.68,69.7095435684647,6786.4037730787495,0.32918745279312134,-1,xgb
1763355604.309162,BTCX25.sim,H1,95172.5,41.91650322219109,98037.32372247791,0.8233909606933594,1,xgb
1763359212.5366209,XAUZ25.sim,H1,4060.53,32.74923274923307,4131.602429486991,,-1,rule
1763359212.5366209,US30Z25.sim,H1,47248.6,51.50891089108872,47539.35988725972,0.12141188979148865,-1,xgb
1763359212.5366209,US100Z25.sim,H1,25245.28,58.37820409479285,25231.872409256364,0.42442452907562256,0,xgb
1763359212.5366209,US500Z25.sim,H1,6780.38,58.028078102307695,6785.971633081035,0.4243038594722748,0,xgb
1763359212.5366209,BTCX25.sim,H1,95215.0,40.34532374100719,97927.39908267019,0.8306650519371033,1,xgb
1763362821.0508094,XAUZ25.sim,H1,4067.73,29.54050409708549,4129.328692353102,,-1,rule
1763362821.0508094,US30Z25.sim,H1,47271.05,37.16878028662848,47529.459705959955,0.5451337695121765,0,xgb
1763362821.0508094,US100Z25.sim,H1,25239.36,49.34300731261445,25231.839499476875,0.5122426152229309,0,xgb
1763362821.0508094,US500Z25.sim,H1,6780.15,47.29528535980113,6785.702657652406,0.6447364687919617,1,xgb
1763362821.0508094,BTCX25.sim,H1,95387.5,39.99999999999999,97832.22418079776,0.8114281296730042,1,xgb
1763366429.93708,XAUZ25.sim,H1,4090.54,45.205358716728355,4128.595548569126,,0,rule
1763366429.93708,US30Z25.sim,H1,47305.5,42.84593507894536,47522.11634318611,0.14841432869434357,-1,xgb
1763366429.93708,US100Z25.sim,H1,25303.44,59.032861341170374,25237.37266708843,0.4168415665626526,0,xgb
1763366429.93708,US500Z25.sim,H1,6790.63,55.42617605961835,6786.342380848391,0.5606662631034851,0,xgb
1763366429.93708,BTCX25.sim,H1,95715.0,48.43550446998723,97761.91394618659,0.6775922179222107,1,xgb
1763370007.9521856,XAUZ25.sim,H1,4079.08,41.31552753815516,4126.206240253503,,-1,rule
1763370007.9521856,US30Z25.sim,H1,47336.9,49.82285656442961,47516.01473350895,0.10748257488012314,-1,xgb
1763370007.9521856,US100Z25.sim,H1,25355.53,66.27227294400193,25243.91829379969,0.23591379821300507,-1,xgb
1763370007.9521856,US500Z25.sim,H1,6799.23,63.42552989259587,6787.163094071605,0.45046770572662354,0,xgb
1763370007.9521856,BTCX25.sim,H1,95707.5,54.05117270788912,97680.68586568235,0.6105149388313293,1,xgb
1763373616.1498826,XAUZ25.sim,H1,4083.24,46.30233356211381,4124.676570167738,,0,rule
1763373616.1498826,US30Z25.sim,H1,47285.9,40.250375563345585,47505.370511806956,0.5167979598045349,0,xgb
1763373616.1498826,US100Z25.sim,H1,25272.53,53.92012709357939,25242.270807234538,0.4945833384990692,0,xgb
1763373616.1498826,US500Z25.sim,H1,6785.5,50.405495658811354,6786.644601365486,0.6522650122642517,1,xgb
1763373616.1498826,BTCX25.sim,H1,95730.0,48.91347293559858,97605.0355488519,0.6136425733566284,1,xgb
1763377224.2316117,XAUZ25.sim,H1,4067.22,41.69630431421064,4121.997234868064,,-1,rule
1763377224.2316117,US30Z25.sim,H1,47190.45,44.340247131509265,47489.67586911399,0.14517326653003693,-1,xgb
1763377224.2316117,US100Z25.sim,H1,25189.61,57.74166108627586,25237.361079830072,0.3577718138694763,-1,xgb
1763377224.2316117,US500Z25.sim,H1,6766.73,54.48638613861376,6785.230666899173,0.5055021643638611,0,xgb
1763377224.2316117,BTCX25.sim,H1,95695.0,63.02136317395727,97528.71860110396,0.3775283098220825,-1,xgb
1763380802.5818694,XAUZ25.sim,H1,4079.94,47.71221691572947,4120.823007211352,,0,rule
1763380802.5818694,US30Z25.sim,H1,47228.75,45.886143931256655,47481.124035381275,0.09723365306854248,-1,xgb
1763380802.5818694,US100Z25.sim,H1,25197.86,55.76047534531996,25236.245467226403,0.31803756952285767,-1,xgb
1763380802.5818694,US500Z25.sim,H1,6770.45,53.39194616303053,6784.820610067444,0.529230535030365,0,xgb
1763380802.5818694,BTCX25.sim,H1,95612.5,56.70279520821449,97450.65409241743,0.7392554879188538,1,xgb
1763389959.975242,XAUZ25.sim,H1,4070.38,44.36614013770767,4116.725728227233,,-1,rule
1763389959.975242,US30Z25.sim,H1,47134.2,39.6145610278371,47454.82728540741,0.3654642701148987,-1,xgb
1763389959.975242,US100Z25.sim,H1,25063.81,35.2212357827932,25220.998299350736,0.5278607606887817,0,xgb
1763389959.975242,US500Z25.sim,H1,6740.5,34.066033469018635,6781.242747537483,0.7503993511199951,1,xgb
1763389959.975242,BTCX25.sim,H1,94527.5,39.8828541001065,97196.26684041692,0.6155456304550171,1,xgb
1763391614.1754658,XAUZ25.sim,H1,4077.4,43.93693107932376,4115.459313565352,,-1,rule
1763391614.1754658,US30Z25.sim,H1,47207.05,50.397768364501054,47447.099641459434,0.07288654148578644,-1,xgb
1763391614.1754658,US100Z25.sim,H1,25208.56,50.8709079678816,25225.53072771896,0.34525221586227417,-1,xgb
1763391614.1754658,US500Z25.sim,H1,6767.5,48.77863881401631,6781.607254350856,0.5544122457504272,0,xgb
1763391614.1754658,BTCX25.sim,H1,94872.5,50.25495750708215,97115.49773607877,0.662002444267273,1,xgb
1763395222.848157,XAUZ25.sim,H1,4065.38,43.10976581169356,4113.040183112661,,-1,rule
1763395222.848157,US30Z25.sim,H1,47140.3,38.62318840579805,47432.18763356948,0.4180227518081665,0,xgb
1763395222.848157,US100Z25.sim,H1,25086.69,38.514008681436465,25215.202061152642,0.4459655284881592,0,xgb
1763395222.848157,US500Z25.sim,H1,6745.7,36.27852084972433,6779.32498084265,0.7860381603240967,1,xgb
1763395222.848157,BTCX25.sim,H1,93967.5,39.58125623130608,96959.07259021235,0.769986093044281,1,xgb
1763399520.7613046,XAUZ25.sim,H1,4074.7,46.517897259248066,4111.749147808574,,0,rule
1763399520.7613046,US30Z25.sim,H1,47204.4,45.290717443046496,47426.625344356675,0.13031813502311707,-1,xgb
1763399520.7613046,US100Z25.sim,H1,25163.19,44.0135672570494,25217.269355972563,0.5433171391487122,0,xgb
1763399520.7613046,US500Z25.sim,H1,6760.93,42.44632918102321,6779.3986422526095,0.7498713731765747,1,xgb
1763399520.7613046,BTCX25.sim,H1,94065.0,35.46821931101407,96861.49587904313,0.8573272824287415,1,xgb
1763402407.5095365,XAUZ25.sim,H1,4074.3,47.96155634785312,4110.271520302553,,0,rule
1763402407.5095365,US30Z25.sim,H1,47054.6,34.92030635479195,47406.4099313984,0.49347689747810364,0,xgb
1763402407.5095365,US100Z25.sim,H1,24995.56,36.05140726896388,25202.39079782935,0.49375852942466736,0,xgb
1763402407.5095365,US500Z25.sim,H1,6728.65,34.213141910546454,6776.211070508094,0.8034335374832153,1,xgb
1763402407.5095365,BTCX25.sim,H1,92777.5,30.25662251655629,96652.92738611087,0.8999640345573425,1,xgb
1763406015.8838627,XAUZ25.sim,H1,4063.06,51.27610208816703,4108.02657119553,,0,rule
1763406015.8838627,US30Z25.sim,H1,46842.9,27.754098360655988,47376.30016227536,0.5326389074325562,0,xgb
1763406015.8838627,US100Z25.sim,H1,24895.69,33.70037670240518,25186.534083645987,0.5280123949050903,0,xgb
1763406015.8838627,US500Z25.sim,H1,6702.95,30.852062237589394,6772.35080207477,0.7957032918930054,1,xgb
1763406015.8838627,BTCX25.sim,H1,92552.5,28.8968824940048,96483.26598296163,0.903083324432373,1,xgb
1763407519.8841782,USOILZ25.sim,H1,59.918,54.561664190193206,59.553774267850876,0.3763333857059479,-1,xgb
1763410768.2591896,XAUZ25.sim,H1,4020.48,36.81023649034621,4102.640761951291,,-1,rule
1763410768.2591896,US30Z25.sim,H1,46596.25,23.10939573031007,47334.553521029324,0.45721739530563354,0,xgb
1763410768.2591896,US100Z25.sim,H1,24786.31,31.71533913721423,25165.522141159774,0.5037201046943665,0,xgb
1763410768.2591896,US500Z25.sim,H1,6671.85,28.255150362245445,6766.942126758676,0.7925010919570923,1,xgb
1763410768.2591896,BTCX25.sim,H1,91747.5,24.53835227272728,96264.58072189368,0.9367119669914246,1,xgb
1763413204.1713262,XAUZ25.sim,H1,4041.07,36.304485518512216,4101.001909371295,,-1,rule
1763413204.1713262,US30Z25.sim,H1,46674.8,25.219700816310578,47311.67958752615,0.6018436551094055,1,xgb
1763413204.1713262,US100Z25.sim,H1,24890.44,33.28916781047441,25158.51148136885,0.48071810603141785,0,xgb
1763413204.1713262,US500Z25.sim,H1,6694.7,31.086229686649403,6764.920998879863,0.8136730790138245,1,xgb
1763413204.1713262,BTCX25.sim,H1,91992.5,22.923467537178098,96104.77669768088,0.9044129252433777,1,xgb
1763425929.2897196,XAUZ25.sim,H1,4031.59,35.55878896412787,4096.035188932035,,-1,rule
1763425929.2897196,US30Z25.sim,H1,46673.9,26.13365155131281,47265.44814152368,0.7227393388748169,1,xgb
1763425929.2897196,US100Z25.sim,H1,24864.03,32.987382987383086,25138.43542213867,0.4279571771621704,0,xgb
1763425929.2897196,US500Z25.sim,H1,6690.78,31.131115459882437,6759.718849772871,0.7531538605690002,1,xgb
1763425929.2897196,BTCX25.sim,H1,91877.5,24.118239838763856,95786.94146630958,0.9386572241783142,1,xgb
1763427613.7228086,XAUZ25.sim,H1,4042.19,41.14986311153439,4094.2227586228682,,-1,rule
1763427613.7228086,US30Z25.sim,H1,46664.9,28.028238791181792,47241.58872495705,0.7087612152099609,1,xgb
1763427613.7228086,US100Z25.sim,H1,24854.78,35.25102348631769,25126.822199555972,0.5156918168067932,0,xgb
1763427613.7228086,US500Z25.sim,H1,6690.33,33.63268033916694,6756.943904954,0.7614120244979858,1,xgb
1763427613.7228086,BTCX25.sim,H1,92165.0,25.409550365981175,95654.70421353733,0.9296159744262695,1,xgb
1763431223.100743,XAUZ25.sim,H1,4021.78,33.4341647166258,4090.7047901266646,,-1,rule
1763431223.100743,US30Z25.sim,H1,46728.45,29.59561785081351,47223.978837914794,0.5872176289558411,0,xgb
1763431223.100743,US100Z25.sim,H1,24930.28,39.060290993108914,25122.075441737794,0.5881736874580383,0,xgb
1763431223.100743,US500Z25.sim,H1,6703.3,36.46543136082886,6755.349644087831,0.8262993693351746,1,xgb
1763431223.100743,BTCX25.sim,H1,91690.0,23.8776188892584,95482.08144374749,0.9296811819076538,1,xgb
1763431557.2027168,BTCX25.sim,H1,91300.0,22.699968384445143,95466.78732610043,0.9123436808586121,1,xgb
1763431557.2027168,US100Z25.sim,H1,24929.36,39.03128153380431,25122.03936330642,0.5881736874580383,0,xgb
1763431557.2027168,US30Z25.sim,H1,46735.4,29.88607543979721,47224.2513869344,0.6333929300308228,1,xgb
1763431557.2027168,US500Z25.sim,H1,6703.45,36.48724082934606,6755.355526440771,0.8181607723236084,1,xgb
1763431557.2027168,XAUZ25.sim,H1,4024.24,33.913999652757624,4090.8012607149003,,-1,rule
1763431682.185947,BTCX25.sim,H1,91332.5,22.793650793650798,95468.06183590436,0.9200840592384338,1,xgb
1763431682.185947,US100Z25.sim,H1,24923.78,38.856251958885515,25121.82053977701,0.5906755924224854,0,xgb
1763431682.185947,US30Z25.sim,H1,46733.05,29.753166088569998,47224.15923007165,0.6333929300308228,1,xgb
1763431682.185947,US500Z25.sim,H1,6702.58,36.361107799896665,6755.321408793713,0.8295535445213318,1,xgb
1763431682.185947,XAUZ25.sim,H1,4029.34,35.80864579234367,4091.0012607149,,-1,rule
1763434803.2387245,BTCX25.sim,H1,90845.0,22.08551215010766,95268.96574570698,0.926733672618866,1,xgb
1763434803.2387245,US100Z25.sim,H1,24837.36,38.39830999785585,25107.456564481567,0.4956933259963989,0,xgb
1763434803.2387245,US30Z25.sim,H1,46658.25,28.445339114276848,47199.191960918324,0.6338371634483337,1,xgb
1763434803.2387245,US500Z25.sim,H1,6686.33,35.82726489703231,6752.009301915772,0.7784724831581116,1,xgb
1763434803.2387245,XAUZ25.sim,H1,4017.43,32.88609442541957,4087.693963242949,,-1,rule
1763438402.8731892,BTCX25.sim,H1,90867.5,26.90298507462687,95097.2056165033,0.9369384050369263,1,xgb
1763438402.8731892,US100Z25.sim,H1,24781.28,38.299759982889945,25092.63725894025,0.5042591094970703,0,xgb
1763438402.8731892,US30Z25.sim,H1,46602.6,28.489454094292796,47173.80112670403,0.5707781910896301,0,xgb
1763438402.8731892,US500Z25.sim,H1,6674.68,35.803435189170116,6748.5510437686,0.8096826076507568,1,xgb
1763438402.8731892,XAUZ25.sim,H1,4012.22,34.25730994152043,4084.544771719905,,-1,rule
1763439261.2607508,XAUZ25.sim,H1,4009.71,33.76174283902945,4084.4463403473555,,-1,rule
1763439261.2607508,US30Z25.sim,H1,46535.75,27.085406760293438,47171.179558076576,0.5696249604225159,0,xgb
1763439261.2607508,US100Z25.sim,H1,24720.53,36.54131019680168,25090.25490599907,0.38162288069725037,-1,xgb
1763439261.2607508,US500Z25.sim,H1,6662.43,34.16591995221023,6748.070651611737,0.7479690313339233,1,xgb
1763439261.2607508,BTCX25.sim,H1,90320.0,24.870645050017245,95075.735028268,0.899375855922699,1,xgb
1763442027.7023668,XAUZ25.sim,H1,4011.53,29.73105434050126,4081.5957607313285,,-1,rule
1763442027.7023668,US30Z25.sim,H1,46516.4,25.092853959292952,47144.88484829949,0.6091158986091614,1,xgb
1763442027.7023668,US100Z25.sim,H1,24724.86,30.299717971396646,25076.22907367662,0.48762425780296326,0,xgb
1763442027.7023668,US500Z25.sim,H1,6660.83,29.451647436659925,6744.613448504082,0.7331761717796326,1,xgb
1763442027.7023668,BTCX25.sim,H1,90097.5,14.835575485799708,94870.98301162227,0.9355672001838684,1,xgb
1763445606.1479452,XAUZ25.sim,H1,4018.99,35.36731728886349,4079.4031912929863,,-1,rule
1763445606.1479452,US30Z25.sim,H1,46502.25,26.228577913971264,47118.81740752159,0.6467843055725098,1,xgb
1763445606.1479452,US100Z25.sim,H1,24714.53,33.49846491029464,25061.40172152517,0.4689296782016754,0,xgb
1763445606.1479452,US500Z25.sim,H1,6657.38,31.76095350008397,6741.009886445182,0.7414082884788513,1,xgb
1763445606.1479452,BTCX25.sim,H1,90212.5,18.458333333333343,94692.35804366592,0.8676961660385132,1,xgb
1763449214.0031812,XAUZ25.sim,H1,4007.4,30.510966793285192,4076.173826337427,,-1,rule
1763449214.0031812,US30Z25.sim,H1,46437.6,18.799480089802714,47089.67826781458,0.6927898526191711,1,xgb
1763449214.0031812,US100Z25.sim,H1,24651.86,23.768317271052283,25043.24602009443,0.3889424800872803,-1,xgb
1763449214.0031812,US500Z25.sim,H1,6645.58,23.035857282676304,6736.860553621596,0.8157835602760315,1,xgb
1763449214.0031812,BTCX25.sim,H1,89635.0,11.466774716369542,94472.36887615953,0.8650726079940796,1,xgb
1763452822.2114122,XAUZ25.sim,H1,4013.28,31.386150663259215,4073.9348764081,,-1,rule
1763452822.2114122,US30Z25.sim,H1,46507.0,26.448092127879036,47068.69707283587,0.6414117813110352,1,xgb
1763452822.2114122,US100Z25.sim,H1,24722.78,34.59531190757622,25032.44044822357,0.4223535656929016,0,xgb
1763452822.2114122,US500Z25.sim,H1,6658.73,32.24228363929784,6734.137643163497,0.6969666481018066,1,xgb
1763452822.2114122,BTCX25.sim,H1,90575.0,29.936305732484072,94352.5970294169,0.8488662242889404,1,xgb
1763456400.4681325,XAUZ25.sim,H1,4036.13,42.14936866542102,4073.319771138474,,-1,rule
1763456400.4681325,US30Z25.sim,H1,46555.95,35.68962929611267,47050.4179942426,0.6401057839393616,1,xgb
1763456400.4681325,US100Z25.sim,H1,24800.53,44.6614925646096,25026.378988115528,0.4921915829181671,0,xgb
1763456400.4681325,US500Z25.sim,H1,6673.9,42.37650200267014,6732.356342551962,0.6298536658287048,1,xgb
1763456400.4681325,BTCX25.sim,H1,91262.5,39.24369747899159,94257.41009153359,0.6399762630462646,1,xgb
1763460008.872075,XAUZ25.sim,H1,4040.08,61.30094043887149,4072.1546634891083,,0,rule
1763460008.872075,US30Z25.sim,H1,46554.9,50.57163020465762,47031.04578279121,0.1342589259147644,-1,xgb
1763460008.872075,US100Z25.sim,H1,24834.78,55.231238751075814,25020.202474145266,0.43224143981933594,0,xgb
1763460008.872075,US500Z25.sim,H1,6680.18,55.21330068307786,6730.558047277115,0.4352571368217468,0,xgb
1763460008.872075,BTCX25.sim,H1,91490.0,48.23363165332077,94156.03964743277,0.697044849395752,1,xgb
1763463617.2656677,XAUZ25.sim,H1,4044.56,51.70660146699255,4071.2043024949135,,0,rule
1763463617.2656677,US30Z25.sim,H1,46486.05,35.36171525528361,47009.1687519754,0.5153113007545471,0,xgb
1763463617.2656677,US100Z25.sim,H1,24818.53,44.77488133458253,25011.891884410175,0.4137510061264038,0,xgb
1763463617.2656677,US500Z25.sim,H1,6677.45,43.79425725624469,6728.461121916712,0.6486126780509949,1,xgb
1763463617.2656677,BTCX25.sim,H1,91605.0,46.65060240963856,94061.0849220565,0.7079867124557495,1,xgb
1763467225.833982,XAUZ25.sim,H1,4039.8,46.9111590507944,4069.7564278620393,,0,rule
1763467225.833982,US30Z25.sim,H1,46445.6,30.397641366797743,46985.51186359691,0.513728141784668,0,xgb
1763467225.833982,US100Z25.sim,H1,24785.86,41.08403689571247,25002.296358005628,0.508281409740448,0,xgb
1763467225.833982,US500Z25.sim,H1,6671.95,40.143231172031186,6726.13387158513,0.6715102195739746,1,xgb
1763467225.833982,BTCX25.sim,H1,91607.5,47.314949201741655,93964.01567021343,0.8253722190856934,1,xgb
1763474057.196245,XAUZ25.sim,H1,4069.28,62.00514138817474,4069.433226810152,,0,rule
1763474057.196245,US30Z25.sim,H1,46322.0,26.94694114236033,46953.0711924988,0.4010842442512512,0,xgb
1763474057.196245,US100Z25.sim,H1,24745.19,39.12863590772309,24988.696226654163,0.4066774547100067,0,xgb
1763474057.196245,US500Z25.sim,H1,6662.88,38.04929665131344,6722.83176177783,0.696837306022644,1,xgb
1763474057.196245,BTCX25.sim,H1,91462.5,42.8643216080402,93863.27085851412,0.7782626748085022,1,xgb
1763474418.1348288,XAUZ25.sim,H1,4064.5,59.595726692798245,4069.091532883186,,0,rule
1763474418.1348288,US30Z25.sim,H1,46314.7,28.357380688124536,46927.949063364416,0.469484806060791,0,xgb
1763474418.1348288,US100Z25.sim,H1,24727.31,41.377195427934346,24977.871428937833,0.4578147828578949,0,xgb
1763474418.1348288,US500Z25.sim,H1,6660.33,40.20785531110798,6720.322393881987,0.6632793545722961,1,xgb
1763474418.1348288,BTCX25.sim,H1,91530.0,43.76603386351976,93774.30884569768,0.818637490272522,1,xgb
1763476785.4714508,BTCX25.sim,H1,92147.5,50.09107468123862,93798.52453197219,0.5420252084732056,0,xgb
1763476785.4714508,US100Z25.sim,H1,24752.53,43.32076597591407,24978.860448545678,0.39805206656455994,-1,xgb
1763476785.4714508,US30Z25.sim,H1,46306.15,28.061504667765348,46927.613769246775,0.5323532223701477,0,xgb
1763476785.4714508,US500Z25.sim,H1,6669.28,43.53123187004429,6720.6733742741435,0.6437074542045593,1,xgb
1763476785.4714508,XAUZ25.sim,H1,4075.06,62.78149507158773,4069.505650530245,,1,rule
1763478004.2941895,BTCX25.sim,H1,91370.0,46.30836047774159,93674.28034467518,0.7887344360351562,1,xgb
1763478004.2941895,US100Z25.sim,H1,24524.19,25.72238901612677,24952.341445026923,0.4273492693901062,0,xgb
1763478004.2941895,US30Z25.sim,H1,46174.3,19.093833185448773,46892.79976812311,0.5392128825187683,0,xgb
1763478004.2941895,US500Z25.sim,H1,6622.13,26.32402364120992,6715.019196374068,0.8204393982887268,1,xgb
1763478004.2941895,XAUZ25.sim,H1,4066.34,68.31941544885184,4069.020563830472,,0,rule
1763481604.8976727,BTCX25.sim,H1,92925.0,69.38967136150235,93704.04744594663,0.4119103252887726,0,xgb
1763481604.8976727,US100Z25.sim,H1,24445.19,26.082145810028535,24929.88487564151,0.4610164761543274,0,xgb
1763481604.8976727,US30Z25.sim,H1,46019.6,16.949064986052434,46853.33571999703,0.5549431443214417,0,xgb
1763481604.8976727,US500Z25.sim,H1,6605.08,26.27652133364424,6710.147144287177,0.7451106309890747,1,xgb
1763481604.8976727,XAUZ25.sim,H1,4052.23,64.05541354003464,4067.8655534127192,,0,rule
1763485204.9332466,BTCX25.sim,H1,93567.5,72.42524916943522,93724.59927133663,0.4646260142326355,0,xgb
1763485204.9332466,US100Z25.sim,H1,24645.69,42.80719697760334,24926.520950750313,0.4698249101638794,0,xgb
1763485204.9332466,US30Z25.sim,H1,46197.15,30.937368642286785,46834.50908119519,0.6146284341812134,1,xgb
1763485204.9332466,US500Z25.sim,H1,6646.03,42.714300070344706,6709.21904737552,0.7411133050918579,1,xgb
1763485204.9332466,XAUZ25.sim,H1,4067.1,71.23117528334092,4068.4010718057816,,0,rule
1763488426.2160947,XAUZ25.sim,H1,4073.19,72.57669167347527,4068.639895335193,,1,rule
1763488426.2160947,US30Z25.sim,H1,46360.45,39.98445617049108,46840.91300276382,0.2871268689632416,-1,xgb
1763488426.2160947,US100Z25.sim,H1,24741.03,47.95971272755203,24930.259774279726,0.4950403869152069,0,xgb
1763488426.2160947,US500Z25.sim,H1,6672.08,49.33788212057283,6710.240616002971,0.6603283286094666,1,xgb
1763488426.2160947,BTCX25.sim,H1,93395.0,70.40775131207106,93717.83456545428,0.5053898692131042,0,xgb
1763488805.062592,BTCX25.sim,H1,93375.0,80.24691358024691,93702.59614369356,0.37636256217956543,-1,xgb
1763488805.062592,US100Z25.sim,H1,24761.94,51.654077875157476,24924.05118991867,0.4095630347728729,0,xgb
1763488805.062592,US30Z25.sim,H1,46363.8,43.174241094929066,46821.710875034536,0.33394867181777954,-1,xgb
1763488805.062592,US500Z25.sim,H1,6675.1,53.20863173765567,6708.8832742023515,0.5760467648506165,0,xgb
1763488805.062592,XAUZ25.sim,H1,4072.1,73.71071101617312,4068.7337809438873,,1,rule
1763492043.3374932,XAUZ25.sim,H1,4072.67,73.82453475123415,4068.7561338850637,,0,rule,20,0
1763492043.3374932,US30Z25.sim,H1,46394.5,44.66467321657409,46822.91479660317,,0,rule,20,0
1763492043.3374932,US100Z25.sim,H1,24777.53,52.3907731404554,24924.662562467693,,0,rule,20,0
1763492043.3374932,US500Z25.sim,H1,6680.23,54.31292266642132,6709.084450672939,,0,rule,20,0
1763492043.3374932,BTCX25.sim,H1,93607.5,81.05263157894737,93711.71379075239,,0,rule,20,0
1763492088.797246,XAUZ25.sim,H1,4074.54,74.19113241461933,4068.8294672183974,,0,rule,20,0
1763492088.797246,US30Z25.sim,H1,46393.5,44.61735784523297,46822.87558091689,,0,rule,20,0
1763492088.797246,US100Z25.sim,H1,24777.19,52.37494622394297,24924.649229134357,,0,rule,20,0
1763492088.797246,US500Z25.sim,H1,6680.23,54.31292266642132,6709.084450672939,,0,rule,20,0
1763492088.797246,BTCX25.sim,H1,93607.5,81.05263157894737,93711.71379075239,,0,rule,20,0
1763492302.3792777,XAUZ25.sim,H1,4073.96,74.07853166842166,4068.8067221203582,,0,rule,20,0,H4,0
1763492302.3792777,US30Z25.sim,H1,46319.65,41.32389349780661,46819.97950248552,,0,rule,20,0,H4,-1
1763492302.3792777,US100Z25.sim,H1,24703.19,48.78403459426354,24921.747268350045,,0,rule,20,0,H4,0
1763492302.3792777,US500Z25.sim,H1,6665.25,50.8680635505412,6708.496999692547,,0,rule,20,0,H4,0
1763492302.3792777,BTCX25.sim,H1,93387.5,80.2919708029197,93703.086339772,,0,rule,20,0,H4,-1
1763492404.1741,XAUZ25.sim,H1,4073.14,72.09640892914895,4068.9473303006353,,0,rule,21,0
1763492404.1741,US30Z25.sim,H1,46325.35,42.588100383716245,46800.52856609433,,0,rule,21,0
1763492404.1741,US100Z25.sim,H1,24712.44,50.227499072428664,24913.71762672353,,0,rule,21,0
1763492404.1741,US500Z25.sim,H1,6666.6,52.50471698113226,6706.87269202306,,0,rule,21,0
1763492404.1741,BTCX25.sim,H1,93395.0,79.67441860465117,93691.75436754632,,0,rule,21,0
1763496012.6597316,XAUZ25.sim,H1,4082.26,80.2450980392156,4069.8074105102587,,0,rule,22,0
1763496012.6597316,US30Z25.sim,H1,46403.75,48.531372296047785,46788.03664495389,,0,rule,22,0
1763496012.6597316,US100Z25.sim,H1,24770.94,55.39116121020758,24910.41612182472,,0,rule,22,0
1763496012.6597316,US500Z25.sim,H1,6679.63,57.652943083406726,6706.300796509115,,0,rule,22,0
1763496012.6597316,BTCX25.sim,H1,93275.0,86.42964446670005,93669.66353575638,,0,rule,22,0
1763499621.1428063,XAUZ25.sim,H1,4069.93,71.72859450726959,4069.3329728043864,,0,rule,23,0
1763499621.1428063,US30Z25.sim,H1,46153.55,37.76539180814822,46754.41403380359,,0,rule,23,0
1763499621.1428063,US100Z25.sim,H1,24580.19,45.02395159257071,24890.33233197674,,0,rule,23,0
1763499621.1428063,US500Z25.sim,H1,6635.48,46.20084910526513,6701.931868011499,,0,rule,23,0
1763499621.1428063,BTCX25.sim,H1,92880.0,76.46730016769145,93623.34845583196,,0,rule,23,0
1763505746.7276175,XAUZ25.sim,H1,4067.36,70.45833965700402,4069.232188490661,,0,rule,23,0,H4,0
1763505746.7276175,US30Z25.sim,H1,46109.75,36.59004512026179,46752.69638674476,,0,rule,23,0,H4,-1
1763505746.7276175,US100Z25.sim,H1,24527.06,43.09952293991296,24888.248802564976,,0,rule,23,0,H4,-1
1763505746.7276175,US500Z25.sim,H1,6626.05,44.53453683163772,6701.562064089931,,0,rule,23,0,H4,-1
1763505746.7276175,BTCX25.sim,H1,92612.5,72.2693531283139,93612.85825975353,,0,rule,23,0,H4,-1
1763506862.061398,XAUZ25.sim,H1,4068.71,64.69574680330086,4069.2117920366395,,0,rule,1,0,H4,-1
1763506862.061398,US30Z25.sim,H1,46133.4,34.509962205995805,46728.41012418895,,0,rule,1,0,H4,-1
1763506862.061398,US100Z25.sim,H1,24548.13,38.9967484022322,24874.910842819783,,0,rule,1,0,H4,-1
1763506862.061398,US500Z25.sim,H1,6630.4,41.1181939989443,6698.771395216653,,0,rule,1,0,H4,-1
1763506892.169534,BTCX25.sim,H1,93155.0,70.97669256381798,93594.90525759618,,0,rule,1,0,H4,-1
1763510184.222037,XAUZ25.sim,H1,4074.54,66.4685615848405,4069.44041948762,,0,rule,1,0,H4,-1
1763510184.222037,US30Z25.sim,H1,46218.4,38.355265430180026,46731.74345752229,,0,rule,1,0,H4,-1
1763510184.222037,US100Z25.sim,H1,24585.86,40.91934244378366,24876.39045066292,,0,rule,1,0,H4,-1
1763510184.222037,US500Z25.sim,H1,6640.75,43.492830423940205,6699.1772775695945,,0,rule,1,0,H4,-1
1763510184.222037,BTCX25.sim,H1,92922.5,69.39730836746635,93585.78761053736,,0,rule,1,0,H4,-1
1763510425.4043918,XAUZ25.sim,H1,4075.62,65.56849791376888,4069.7490515745408,,0,rule,2,0,H4,-1
1763510425.4043918,US30Z25.sim,H1,46222.5,38.46365733567466,46711.97293023329,,0,rule,2,0,H4,-1
1763510425.4043918,US100Z25.sim,H1,24588.86,39.41682723185614,24865.23431961317,,0,rule,2,0,H4,-1
1763510425.4043918,US500Z25.sim,H1,6641.33,42.20709423145829,6696.936294321374,,0,rule,2,0,H4,-1
1763510425.4043918,BTCX25.sim,H1,92985.0,68.4084084084084,93564.86699827196,,0,rule,2,0,H4,-1
1763510833.0961094,XAUZ25.sim,H1,4072.42,63.79397834912031,4069.623561378462,,0,rule,2,0,H4,-1
1763510833.0961094,US30Z25.sim,H1,46175.9,37.2677231025855,46710.1454792529,,0,rule,2,0,H4,-1
1763510833.0961094,US100Z25.sim,H1,24551.61,38.19834024896266,24863.773535299442,,0,rule,2,0,H4,-1
1763510833.0961094,US500Z25.sim,H1,6633.18,40.88069715431489,6696.616686478236,,0,rule,2,0,H4,-1
1763510833.0961094,BTCX25.sim,H1,92660.0,63.45403899721448,93552.12190023274,,0,rule,2,0,H4,-1
1763514028.4133067,XAUZ25.sim,H1,4067.4,59.96819551389353,4069.405924527002,,0,rule,3,0,H4,-1
1763514028.4133067,US30Z25.sim,H1,46188.4,37.99142973745077,46690.33672144802,,0,rule,3,0,H4,-1
1763514028.4133067,US100Z25.sim,H1,24545.61,38.386929979651015,24851.409709374893,,0,rule,3,0,H4,-1
1763514028.4133067,US500Z25.sim,H1,6633.88,41.099395255078264,6694.24121364303,,0,rule,3,0,H4,-1
1763514028.4133067,BTCX25.sim,H1,92325.0,57.52688172043011,93495.52825186888,,0,rule,3,0,H4,-1
1763517615.4006853,XAUZ25.sim,H1,4059.93,58.58618726104265,4068.7388964873935,,0,rule,4,0,H4,-1
1763517615.4006853,US30Z25.sim,H1,46181.2,40.589180503481415,46669.73007195637,,0,rule,4,0,H4,-1
1763517615.4006853,US100Z25.sim,H1,24559.43,39.84750931887489,24840.100897294247,,0,rule,4,0,H4,-1
1763517615.4006853,US500Z25.sim,H1,6635.4,42.33453575909651,6691.917528759754,,0,rule,4,0,H4,-1
1763517615.4006853,BTCX25.sim,H1,92475.0,59.81308411214953,93461.34971398769,,0,rule,4,0,H4,-1
1763523522.383781,XAUZ25.sim,H1,4071.53,64.64356654160231,4069.445493937506,,0,rule,5,0,H4,0
1763523522.383781,US30Z25.sim,H1,46169.25,46.08968444362439,46652.21483735741,,0,rule,5,0,H4,-1
1763523522.383781,US100Z25.sim,H1,24568.43,44.97644068071053,24832.65639313802,,0,rule,5,0,H4,-1
1763523522.383781,US500Z25.sim,H1,6636.58,47.38243123336296,6690.306905596844,,0,rule,5,0,H4,-1
1763523522.383781,BTCX25.sim,H1,91812.5,52.55338904363974,93401.01708959806,,0,rule,5,0,H4,-1
1763524818.8881426,XAUZ25.sim,H1,4065.52,50.08308714918752,4069.112118565097,,0,rule,6,0,H4,0
1763524818.8881426,US30Z25.sim,H1,46127.6,42.89940828402367,46630.19125103348,,0,rule,6,0,H4,-1
1763524818.8881426,US100Z25.sim,H1,24537.03,42.15283483976989,24820.012034958625,,0,rule,6,0,H4,-1
1763524818.8881426,US500Z25.sim,H1,6629.75,43.80444165424153,6687.697410900004,,0,rule,6,0,H4,-1
1763524818.8881426,BTCX25.sim,H1,91830.0,52.79850746268657,93341.86004208201,,0,rule,6,0,H4,-1
1763528405.419511,XAUZ25.sim,H1,4074.72,54.00207900207886,4069.689275777968,,0,rule,7,0,H4,0
1763528405.419511,US30Z25.sim,H1,46115.4,47.908948711616226,46609.470261904105,,0,rule,7,0,H4,-1
1763528405.419511,US100Z25.sim,H1,24520.93,49.95136139925076,24807.65788086353,,0,rule,7,0,H4,-1
1763528405.419511,US500Z25.sim,H1,6627.1,51.21794871794886,6685.212911726768,,0,rule,7,0,H4,-1
1763528405.419511,BTCX25.sim,H1,91147.5,48.04753820033955,93230.09675041036,,0,rule,7,0,H4,-1
1763532022.5629003,XAUZ25.sim,H1,4096.68,67.47510440089944,4071.5668434240856,,1,rule,8,1,H4,0
1763532022.5629003,US30Z25.sim,H1,46136.55,54.55366823274316,46591.747428970455,,0,rule,8,1,H4,-1
1763532022.5629003,US100Z25.sim,H1,24538.43,54.162204756228256,24797.57072691807,,0,rule,8,1,H4,-1
1763532022.5629003,US500Z25.sim,H1,6630.13,55.529241179313736,6683.166925745119,,0,rule,8,1,H4,-1
1763532022.5629003,BTCX25.sim,H1,90257.5,24.293243890752265,93087.14866126297,,-1,rule,8,1,H4,-1
1763535609.325416,XAUZ25.sim,H1,4091.54,60.543214161749326,4072.154606411297,,1,rule,9,1,H4,0
1763535609.325416,US30Z25.sim,H1,46157.0,47.60613330551782,46575.43514523361,,0,rule,9,1,H4,-1
1763535609.325416,US100Z25.sim,H1,24552.86,43.88904690649624,24788.414279872482,,-1,rule,9,1,H4,-1
1763535609.325416,US500Z25.sim,H1,6634.3,46.23699894822945,6681.381322952427,,0,rule,9,1,H4,-1
1763535609.325416,BTCX25.sim,H1,90962.5,22.79260780287474,93030.39044809682,,-1,rule,9,1,H4,-1
1763539225.931651,XAUZ25.sim,H1,4084.86,55.46247221747312,4072.4878749265445,,1,rule,10,1,H4,0
1763539225.931651,US30Z25.sim,H1,46188.95,40.78832626010101,46561.74484738702,,-1,rule,10,1,H4,-1
1763539225.931651,US100Z25.sim,H1,24603.86,40.36080050161985,24783.205026125524,,-1,rule,10,1,H4,-1
1763539225.931651,US500Z25.sim,H1,6643.73,40.77031170158379,6680.287290742098,,-1,rule,10,1,H4,-1
1763539225.931651,BTCX25.sim,H1,91857.5,36.552346570397106,93018.86870388196,,-1,rule,10,1,H4,-1
1763542812.3124301,XAUZ25.sim,H1,4083.05,54.193219474891784,4072.8500141493582,,0,rule,11,1,H4,0
1763542812.3124301,US30Z25.sim,H1,46144.85,40.09142857142857,46544.18279557185,,-1,rule,11,1,H4,-1
1763542812.3124301,US100Z25.sim,H1,24585.61,41.7374741648318,24774.88149709393,,-1,rule,11,1,H4,-1
1763542812.3124301,US500Z25.sim,H1,6638.1,41.09844826476078,6678.452773112938,,-1,rule,11,1,H4,-1
1763542812.3124301,BTCX25.sim,H1,91505.0,33.690527218174026,92946.60054700861,,-1,rule,11,1,H4,-1
1763546428.2604089,XAUZ25.sim,H1,4112.68,60.88907886300488,4075.5818592852956,,1,rule,12,1,H4,1
1763546428.2604089,US30Z25.sim,H1,46240.4,40.30529014215797,46535.81866533015,,-1,rule,12,1,H4,-1
1763546428.2604089,US100Z25.sim,H1,24675.53,43.5474304393098,24774.37324563945,,-1,rule,12,1,H4,-1
1763546428.2604089,US500Z25.sim,H1,6658.05,43.191929318879694,6678.405445047785,,-1,rule,12,1,H4,-1
1763546428.2604089,BTCX25.sim,H1,91557.5,35.21929824561404,92893.25533806624,,-1,rule,12,1,H4,-1
1763550014.4785998,XAUZ25.sim,H1,4109.92,65.3793418647166,4076.810891320335,,1,rule,13,1,H4,1
1763550014.4785998,US30Z25.sim,H1,46240.8,55.49629865478019,46524.35089369148,,0,rule,13,1,H4,-1
1763550014.4785998,US100Z25.sim,H1,24700.86,60.073631235856396,24772.34113730893,,0,rule,13,1,H4,-1
1763550014.4785998,US500Z25.sim,H1,6663.48,60.647845953002516,6678.010394671192,,0,rule,13,1,H4,-1
1763550014.4785998,BTCX25.sim,H1,91355.0,36.34311512415349,92824.26518016405,,-1,rule,13,1,H4,-1
1763553600.856116,XAUZ25.sim,H1,4113.36,67.29843561973502,4078.3817339726274,,1,rule,14,1,H4,1
1763553600.856116,US30Z25.sim,H1,46240.7,61.55475161034134,46513.21656939482,,0,rule,14,1,H4,-1
1763553600.856116,US100Z25.sim,H1,24687.53,64.70933323555818,24768.63566150328,,0,rule,14,1,H4,-1
1763553600.856116,US500Z25.sim,H1,6660.13,64.97100685292568,6677.209416627304,,0,rule,14,1,H4,-1
1763553630.9991565,BTCX25.sim,H1,91440.0,39.07778295295762,92772.43325520032,,-1,rule,14,1,H4,-1
1763559773.6341696,XAUZ25.sim,H1,4113.13,64.49657561206004,4079.8047771650486,,1,rule,15,1,H4,1
1763559773.6341696,US30Z25.sim,H1,46247.65,52.39523952395281,46503.823277359916,,0,rule,15,1,H4,-1
1763559773.6341696,US100Z25.sim,H1,24667.28,57.67533104462972,24764.8963606375,,0,rule,15,1,H4,-1
1763559773.6341696,US500Z25.sim,H1,6654.5,56.181162172427115,6676.369704972656,,0,rule,15,1,H4,-1
1763559773.6341696,BTCX25.sim,H1,91480.0,36.6681357426179,92735.403067701,,-1,rule,15,1,H4,-1
1763560113.2343962,BTCX25.sim,H1,91507.5,36.84676705048716,92736.48149907355,,-1,rule,15,1,H4,-1
1763560113.2343962,US100Z25.sim,H1,24676.56,58.744779906887814,24765.260282206127,,0,rule,15,1,H4,-1
1763560113.2343962,US30Z25.sim,H1,46257.75,53.475553740941365,46504.21935579129,,0,rule,15,1,H4,-1
1763560113.2343962,US500Z25.sim,H1,6656.83,57.452179823284006,6676.461077521676,,0,rule,15,1,H4,-1
1763560113.2343962,XAUZ25.sim,H1,4115.46,65.5767700875098,4079.896149714068,,1,rule,15,1,H4,1
1763560802.7898161,BTCX25.sim,H1,91410.0,40.11571841851495,92681.16905906248,,-1,rule,16,1,H4,-1
1763560802.7898161,US100Z25.sim,H1,24660.19,60.942746983955644,24760.639976815433,,0,rule,16,1,H4,-1
1763560802.7898161,US30Z25.sim,H1,46226.1,53.35030549898177,46492.1823200907,,0,rule,16,1,H4,-1
1763560802.7898161,US500Z25.sim,H1,6651.98,58.129482267412875,6675.337770210372,,0,rule,16,1,H4,-1
1763560802.7898161,XAUZ25.sim,H1,4111.74,67.6020408163265,4080.996432779702,,1,rule,16,1,H4,1
1763564403.5289,BTCX25.sim,H1,91757.5,43.39277549154092,92658.04337277528,,-1,rule,17,1,H4,-1
1763564403.5289,US100Z25.sim,H1,24894.19,74.45845686805781,24774.628285470022,,0,rule,17,1,H4,-1
1763564403.5289,US30Z25.sim,H1,46261.7,58.761886279836396,46484.745186511114,,0,rule,17,1,H4,-1
1763564403.5289,US500Z25.sim,H1,6691.45,70.91748413156385,6677.464363469954,,0,rule,17,1,H4,-1
1763564403.5289,XAUZ25.sim,H1,4128.84,76.6748806406902,4083.5290285351643,,1,rule,17,1,H4,1
1763568002.7146046,BTCX25.sim,H1,89900.0,31.35828135828136,92480.83672964094,,-1,rule,18,1,H4,-1
1763568002.7146046,US100Z25.sim,H1,24757.69,57.61296924651254,24769.19710529408,,0,rule,18,1,H4,-1
1763568002.7146046,US30Z25.sim,H1,46065.6,36.705135156068565,46461.02439794071,,-1,rule,18,1,H4,-1
1763568002.7146046,US500Z25.sim,H1,6663.25,54.3321780858438,6675.889496365404,,0,rule,18,1,H4,-1
1763568002.7146046,XAUZ25.sim,H1,4096.97,57.281286509518324,4082.861314177342,,1,rule,18,1,H4,0
1763571601.334687,BTCX25.sim,H1,89880.0,34.6876197776926,92378.55239004355,,-1,rule,19,1,H4,-1
1763571601.334687,US100Z25.sim,H1,24709.81,62.32956531872774,24765.200326264025,,0,rule,19,1,H4,-1
1763571601.334687,US30Z25.sim,H1,46101.8,47.48632456368873,46448.41734260996,,0,rule,19,1,H4,-1
1763571601.334687,US500Z25.sim,H1,6659.18,60.74063035541321,6675.105249767045,,0,rule,19,1,H4,-1
1763571601.334687,XAUZ25.sim,H1,4074.42,52.40490411820188,4081.714730644068,,0,rule,19,1,H4,0
1763575201.5696661,BTCX25.sim,H1,89505.0,36.684231860559386,92252.02034672166,,0,rule,20,0,H4,-1
1763575201.5696661,US100Z25.sim,H1,24630.69,57.395036887994564,24757.066784243012,,0,rule,20,0,H4,-1
1763575201.5696661,US30Z25.sim,H1,46103.95,49.155104944859495,46435.13504913568,,0,rule,20,0,H4,-1
1763575201.5696661,US500Z25.sim,H1,6647.73,57.33173922216735,6673.626706241615,,0,rule,20,0,H4,-1
1763575201.5696661,XAUZ25.sim,H1,4080.38,51.735931853381565,4081.853143527424,,0,rule,20,0,H4,0
1763579811.6172342,BTCX25.sim,H1,89127.5,38.708297690333616,92119.60032372609,,0,rule,21,0,H4,-1
1763579811.6172342,US100Z25.sim,H1,24649.19,57.07579462102683,24754.91843001242,,0,rule,21,0,H4,-1
1763579811.6172342,US30Z25.sim,H1,46123.25,49.02818270165209,46426.84072604078,,0,rule,21,0,H4,-1
1763579811.6172342,US500Z25.sim,H1,6648.28,55.583584569002575,6673.113971746669,,0,rule,21,0,H4,-1
1763579811.6172342,XAUZ25.sim,H1,4076.9,43.55646330214783,4081.9377345169364,,0,rule,21,0,H4,0
1763579896.0479677,XAUZ25.sim,H1,4075.6,43.18656911418859,4081.8867541247796,0.7843088507652283,0,xgb,21,0,H4,0
1763579896.0479677,US30Z25.sim,H1,46111.4,48.23465136925503,46426.37602015842,0.6169248819351196,0,xgb,21,0,H4,-1
1763579896.0479677,US100Z25.sim,H1,24645.06,56.7890722878378,24754.75646922811,0.5870816707611084,0,xgb,21,0,H4,-1
1763579896.0479677,US500Z25.sim,H1,6647.0,55.14925828703988,6673.063775668238,0.6240206956863403,0,xgb,21,0,H4,-1
1763579896.0479677,BTCX25.sim,H1,89105.0,38.559863655730716,92118.71797078491,0.8176292777061462,0,xgb,21,0,H4,-1
1763580483.643747,XAUZ25.sim,H1,4071.35,42.01995804995862,4081.7200874581126,0.8208023309707642,1,xgb,21,1,H4,0
1763580483.643747,US30Z25.sim,H1,46003.4,42.034160566565596,46422.14072604078,0.5107977986335754,0,xgb,21,1,H4,-1
1763580483.643747,US100Z25.sim,H1,24586.31,53.0015439106349,24752.45254765948,0.6219841837882996,0,xgb,21,1,H4,-1
1763580483.643747,US500Z25.sim,H1,6631.2,50.297867602026535,6672.4441678251005,0.6621482372283936,0,xgb,21,1,H4,-1
1763580483.643747,BTCX25.sim,H1,88917.5,37.36581337737406,92111.36502960844,0.8447755575180054,0,xgb,21,1,H4,-1
1763580533.1127574,XAUZ25.sim,H1,4069.38,41.50031387319522,4081.642832556152,0.8208023309707642,1,xgb,21,1,H4,0
1763580533.1127574,US30Z25.sim,H1,46007.3,42.230194319880596,46422.29366721725,0.5107977986335754,0,xgb,21,1,H4,-1
1763580533.1127574,US100Z25.sim,H1,24586.69,53.02441794434972,24752.467449620264,0.591208815574646,0,xgb,21,1,H4,-1
1763580533.1127574,US500Z25.sim,H1,6631.1,50.269879249902694,6672.440246256473,0.6621482372283936,0,xgb,21,1,H4,-1
1763580533.1127574,BTCX25.sim,H1,88927.5,37.427626137303555,92111.7571864712,0.8554409742355347,0,xgb,21,1,H4,-1
1763580721.8080008,XAUZ25.sim,H1,4071.48,42.054707379134825,4081.7251854973283,0.8208023309707642,1,xgb,21,1,H4,0
1763580721.8080008,US30Z25.sim,H1,46013.6,42.5507560696427,46422.54072604078,0.5311248302459717,0,xgb,21,1,H4,-1
1763580721.8080008,US100Z25.sim,H1,24591.69,53.32724157624207,24752.66352805164,0.591208815574646,0,xgb,21,1,H4,-1
1763580721.8080008,US500Z25.sim,H1,6632.18,50.57381178973303,6672.4825991976495,0.7154083251953125,0,xgb,21,1,H4,-1
1763580721.8080008,BTCX25.sim,H1,88877.5,37.12059064807219,92109.79640215746,0.8352814316749573,0,xgb,21,1,H4,-1
1763581190.982237,XAUZ25.sim,H1,4071.32,45.57387463877385,4081.7189109875244,,0,rule,21,1,H4,-1
1763581190.982237,US30Z25.sim,H1,45997.75,37.53309757684354,46421.91915741333,,-1,rule,21,1,H4,-1
1763581190.982237,US100Z25.sim,H1,24577.56,44.35122786453506,24752.109410404577,,-1,rule,21,1,H4,-1
1763581190.982237,US500Z25.sim,H1,6629.65,42.91002649986567,6672.383383511375,,-1,rule,21,1,H4,-1
1763581190.982237,BTCX25.sim,H1,88727.5,29.061701835727064,92103.91404921628,,-1,rule,21,1,H4,-1
1763582423.2157903,XAUZ25.sim,H1,4073.45,46.181765881314355,4081.484319182718,,0,rule,22,1,H4,-1
1763582423.2157903,US30Z25.sim,H1,46100.15,42.111448346583735,46412.49181400697,,-1,rule,22,1,H4,-1
1763582423.2157903,US100Z25.sim,H1,24669.44,49.03727269209367,24751.848791050972,,0,rule,22,1,H4,-1
1763582423.2157903,US500Z25.sim,H1,6650.33,47.96615553210556,6672.191059179936,,0,rule,22,1,H4,-1
1763582423.2157903,BTCX25.sim,H1,88867.5,29.749529395761385,91982.17882066191,,-1,rule,22,1,H4,-1
1763586027.8835773,XAUZ25.sim,H1,4074.4,46.559567405035466,4081.3161529187237,,0,rule,23,1,H4,-1
1763586027.8835773,US30Z25.sim,H1,46191.2,47.52014562621125,46407.68520570244,,0,rule,23,1,H4,-1
1763586027.8835773,US100Z25.sim,H1,24713.44,51.47966786411494,24752.362787726455,,0,rule,23,1,H4,-1
1763586027.8835773,US500Z25.sim,H1,6658.6,50.27779292380097,6672.073282934596,,0,rule,23,1,H4,-1
1763586027.8835773,BTCX25.sim,H1,89532.5,37.148215664786825,91910.97801219863,,-1,rule,23,1,H4,-1
1763593265.7792559,XAUZ25.sim,H1,4079.67,48.49123986578529,4081.391610313051,,0,rule,1,1,H4,-1
1763593265.7792559,US30Z25.sim,H1,46257.8,51.1458750771717,46403.397944177064,,0,rule,1,1,H4,-1
1763593265.7792559,US100Z25.sim,H1,24978.38,63.347009761060086,24770.282292269763,,0,rule,1,1,H4,-1
1763593265.7792559,US500Z25.sim,H1,6701.25,60.43389483635981,6674.639932768564,,0,rule,1,1,H4,-1
1763593265.7792559,BTCX25.sim,H1,90647.5,47.191755643238054,91904.20110812978,,0,rule,1,1,H4,-1
1763596809.7466545,XAUZ25.sim,H1,4106.26,57.17812434482144,4083.280472501689,,1,rule,2,1,H4,1
1763596809.7466545,US30Z25.sim,H1,46401.95,57.756247827189725,46408.968603696885,,0,rule,2,1,H4,-1
1763596809.7466545,US100Z25.sim,H1,25104.36,67.30591787163027,24788.224443550884,,0,rule,2,1,H4,-1
1763596809.7466545,US500Z25.sim,H1,6731.1,65.56813426189377,6678.0025082860875,,0,rule,2,1,H4,-1
1763596809.7466545,BTCX25.sim,H1,91587.5,53.861319320379096,91927.28764573699,,0,rule,2,1,H4,-1
1763600414.1447203,XAUZ25.sim,H1,4100.16,55.01232316384501,4083.776032659242,,1,rule,3,1,H4,1
1763600414.1447203,US30Z25.sim,H1,46430.1,58.934695684084964,46411.0064113219,,0,rule,3,1,H4,-1
1763600414.1447203,US100Z25.sim,H1,25125.53,68.02662971957565,24802.246193451174,,0,rule,3,1,H4,-1
1763600414.1447203,US500Z25.sim,H1,6735.48,66.34400204260105,6680.426037561759,,0,rule,3,1,H4,-1
1763600414.1447203,BTCX25.sim,H1,91932.5,56.06842244978203,91940.11419690156,,0,rule,3,1,H4,-1
1763604018.19476,XAUZ25.sim,H1,4081.1,48.34403697473801,4082.9612940042653,,0,rule,4,1,H4,-1
1763604018.19476,US30Z25.sim,H1,46450.5,59.810886267433766,46413.440484885454,,0,rule,4,1,H4,-1
1763604018.19476,US100Z25.sim,H1,25152.78,68.78871083413131,24817.094652261578,,1,rule,4,1,H4,1
1763604018.19476,US500Z25.sim,H1,6741.23,67.22325067138681,6683.044089200821,,0,rule,4,1,H4,-1
1763604018.19476,BTCX25.sim,H1,92607.5,60.078402562034626,91991.71434438071,,0,rule,4,1,H4,-1
1763606920.9201152,XAUZ25.sim,M30,4060.93,38.68577502003642,4084.022797409327,,-1,rule,4,1,H4,-1
1763606920.9201152,XAUZ25.sim,H1,4060.84,42.4579215878074,4082.1667842003435,,-1,rule,4,1,H4,-1
1763606920.9201152,US30Z25.sim,M30,46477.65,65.86317009016791,46281.909219864065,,0,rule,4,0,H4,-1
1763606920.9201152,US30Z25.sim,H1,46477.65,61.076824251705354,46414.505190767806,,0,rule,4,0,H4,-1
1763606920.9201152,US100Z25.sim,M30,25155.28,69.07142071667081,24816.342449042877,,1,rule,4,1,H4,1
1763606920.9201152,US100Z25.sim,H1,25155.28,68.94835828903575,24817.192691477267,,1,rule,4,1,H4,1
1763606920.9201152,US500Z25.sim,M30,6742.78,68.49151721392964,6679.976143305339,,0,rule,4,1,H4,-1
1763606920.9201152,US500Z25.sim,H1,6742.78,67.5700147027274,6683.104873514546,,1,rule,4,1,H4,-1
1763606920.9201152,BTCX25.sim,M30,92447.5,66.58140542531274,91256.47543631116,,0,rule,4,0,H4,-1
1763606920.9201152,BTCX25.sim,H1,92447.5,58.71041710599939,91985.43983457678,,0,rule,4,0,H4,-1
1763606921.6885233,XAUZ25.sim,M30,4060.94,38.691079652369886,4084.02318956619,,-1,rule,4,1,H4,-1
1763606921.6905973,XAUZ25.sim,M30,4060.94,38.691079652369886,4084.02318956619,,-1,rule,4,1,H4,-1
1763606921.6885233,XAUZ25.sim,H1,4060.94,42.48345249343099,4082.170705768971,,-1,rule,4,1,H4,-1
1763606921.6905973,XAUZ25.sim,H1,4060.94,42.48345249343099,4082.170705768971,,-1,rule,4,1,H4,-1
1763606921.6885233,US30Z25.sim,M30,46477.65,65.86317009016791,46281.909219864065,,0,rule,4,0,H4,-1
1763606921.6905973,US30Z25.sim,M30,46477.65,65.86317009016791,46281.909219864065,,0,rule,4,0,H4,-1
1763606921.6885233,US30Z25.sim,H1,46477.7,61.07896284751811,46414.50715155212,,0,rule,4,0,H4,-1
1763606921.6905973,US30Z25.sim,H1,46477.7,61.07896284751811,46414.50715155212,,0,rule,4,0,H4,-1
1763606921.6885233,US100Z25.sim,M30,25155.28,69.07142071667081,24816.342449042877,,1,rule,4,1,H4,1
1763606921.6905973,US100Z25.sim,M30,25155.28,69.07142071667081,24816.342449042877,,1,rule,4,1,H4,1
1763606921.6885233,US100Z25.sim,H1,25155.28,68.94835828903575,24817.192691477267,,1,rule,4,1,H4,1
1763606921.6905973,US100Z25.sim,H1,25155.28,68.94835828903575,24817.192691477267,,1,rule,4,1,H4,1
1763606921.6885233,US500Z25.sim,M30,6742.78,68.49151721392964,6679.976143305339,,0,rule,4,1,H4,-1
1763606921.6905973,US500Z25.sim,M30,6742.78,68.49151721392964,6679.976143305339,,0,rule,4,1,H4,-1
1763606921.6905973,US500Z25.sim,H1,6742.78,67.5700147027274,6683.104873514546,,1,rule,4,1,H4,-1
1763606921.6885233,US500Z25.sim,H1,6742.78,67.5700147027274,6683.104873514546,,1,rule,4,1,H4,-1
1763606921.6905973,BTCX25.sim,M30,92445.0,66.54140906247851,91256.37739709548,,0,rule,4,0,H4,-1
1763606921.6885233,BTCX25.sim,M30,92445.0,66.54140906247851,91256.37739709548,,0,rule,4,0,H4,-1
1763606921.6905973,BTCX25.sim,H1,92445.0,58.6895364658476,91985.3417953611,,0,rule,4,0,H4,-1
1763606921.6885233,BTCX25.sim,H1,92445.0,58.6895364658476,91985.3417953611,,0,rule,4,0,H4,-1
1763607605.4997497,XAUZ25.sim,M30,4066.4,41.49630633098647,4083.4974589116077,,-1,rule,5,1,H4,-1
1763607605.4997497,XAUZ25.sim,H1,4066.4,44.033651080188335,4081.7176939235783,,-1,rule,5,1,H4,-1
1763607605.4997497,US30Z25.sim,M30,46485.9,66.31460299656284,46290.20320381275,,0,rule,5,0,H4,-1
1763607605.4997497,US30Z25.sim,H1,46485.9,61.42799543554776,46417.59874289895,,0,rule,5,0,H4,-1
1763607605.4997497,US100Z25.sim,M30,25166.44,69.54031671934995,24830.492379674168,,1,rule,5,1,H4,1
1763607605.4997497,US100Z25.sim,H1,25166.44,69.3053662451017,24831.309107382458,,1,rule,5,1,H4,1
1763607605.4997497,US500Z25.sim,M30,6744.78,68.93277488636741,6682.590990301993,,0,rule,5,1,H4,-1
1763607605.4997497,US500Z25.sim,H1,6744.78,67.90634965350327,6685.596963865008,,1,rule,5,1,H4,-1
1763607605.4997497,BTCX25.sim,M30,92687.5,69.26200929439602,91319.84727165064,,0,rule,5,0,H4,-1
1763607605.4997497,BTCX25.sim,H1,92687.5,60.55888930752304,92020.21783756725,,0,rule,5,0,H4,-1
1763607609.0726342,XAUZ25.sim,M30,4068.3,42.46815853108304,4083.5719687155292,,-1,rule,5,1,H4,-1
1763607609.0726342,XAUZ25.sim,H1,4068.3,44.72722965064468,4081.7922037275,,-1,rule,5,1,H4,-1
1763607609.0969803,XAUZ25.sim,M30,4068.38,42.50837074073207,4083.575105970431,,-1,rule,5,1,H4,-1
1763607609.0726342,US30Z25.sim,M30,46488.75,66.47883068589485,46290.314968518636,,0,rule,5,0,H4,-1
1763607609.0726342,US30Z25.sim,H1,46488.75,61.5564917886142,46417.71050760483,,0,rule,5,0,H4,-1
1763607609.0969803,XAUZ25.sim,H1,4068.38,44.75605600711401,4081.7953409824017,,-1,rule,5,1,H4,-1
1763607609.0726342,US100Z25.sim,M30,25168.69,69.6402517524158,24830.580614968287,,1,rule,5,1,H4,1
1763607609.0969803,US30Z25.sim,M30,46488.75,66.47883068589485,46290.314968518636,,0,rule,5,0,H4,-1
1763607609.0726342,US100Z25.sim,H1,25168.53,69.37637578304164,24831.391068166773,,1,rule,5,1,H4,1
1763607609.0969803,US30Z25.sim,H1,46488.75,61.5564917886142,46417.71050760483,,0,rule,5,0,H4,-1
1763607609.0726342,US500Z25.sim,M30,6745.2,69.03067116829385,6682.607460890229,,0,rule,5,1,H4,-1
1763607609.0969803,US100Z25.sim,M30,25168.53,69.6331669238816,24830.574340458483,,1,rule,5,1,H4,1
1763607609.0726342,US500Z25.sim,H1,6745.2,67.9813042860223,6685.613434453244,,1,rule,5,1,H4,-1
1763607609.0969803,US100Z25.sim,H1,25168.53,69.37637578304164,24831.391068166773,,1,rule,5,1,H4,1
1763607609.0726342,BTCX25.sim,M30,92707.5,69.41835911739135,91320.63158537612,,0,rule,5,0,H4,-1
1763607609.0969803,US500Z25.sim,M30,6745.2,69.03067116829385,6682.607460890229,,0,rule,5,1,H4,-1
1763607609.0726342,BTCX25.sim,H1,92707.5,60.680734286014506,92021.00215129273,,0,rule,5,0,H4,-1
1763607609.0969803,US500Z25.sim,H1,6745.2,67.9813042860223,6685.613434453244,,1,rule,5,1,H4,-1
1763607609.0969803,BTCX25.sim,M30,92707.5,69.41835911739135,91320.63158537612,,0,rule,5,0,H4,-1
1763607609.0969803,BTCX25.sim,H1,92707.5,60.680734286014506,92021.00215129273,,0,rule,5,0,H4,-1
